huge,heap,11966130,addr,>,0x7fd6aa200000,addr,<,0x7fd71bc00000
huge,mmap,11966130,addr,>,0x7fd6aa200000,addr,<,0x7fd71bc00000
huge,heap,28249659,addr,>,0x7fd870a00000,addr,<,0x7fd8e2400000
huge,mmap,28249659,addr,>,0x7fd870a00000,addr,<,0x7fd8e2400000
huge,heap,64599085,addr,>,0x7fddc4200000,addr,<,0x7fde35c00000
huge,mmap,64599085,addr,>,0x7fddc4200000,addr,<,0x7fde35c00000
huge,heap,57317061,addr,>,0x7fdffc400000,addr,<,0x7fe06de00000
huge,mmap,57317061,addr,>,0x7fdffc400000,addr,<,0x7fe06de00000
huge,heap,46339825,addr,>,0x7fe06de00000,addr,<,0x7fe0df800000
huge,mmap,46339825,addr,>,0x7fe06de00000,addr,<,0x7fe0df800000
huge,heap,165328064,addr,>,0x7fe2a6000000,addr,<,0x7fe317a00000
huge,mmap,165328064,addr,>,0x7fe2a6000000,addr,<,0x7fe317a00000
huge,heap,123882214,addr,>,0x7fe5c1600000,addr,<,0x7fe633000000
huge,mmap,123882214,addr,>,0x7fe5c1600000,addr,<,0x7fe633000000
huge,heap,150004662,addr,>,0x7fe633000000,addr,<,0x7fe6a4a00000
huge,mmap,150004662,addr,>,0x7fe633000000,addr,<,0x7fe6a4a00000
huge,heap,45074710,addr,>,0x7fe787e00000,addr,<,0x7fe7f9800000
huge,mmap,45074710,addr,>,0x7fe787e00000,addr,<,0x7fe7f9800000
huge,heap,201264,addr,>,0x7feb86800000,addr,<,0x7febf8200000
huge,mmap,201264,addr,>,0x7feb86800000,addr,<,0x7febf8200000
huge,heap,198482385,addr,>,0x7febf8200000,addr,<,0x7fec69c00000
huge,mmap,198482385,addr,>,0x7febf8200000,addr,<,0x7fec69c00000
huge,heap,171982115,addr,>,0x7fed4d000000,addr,<,0x7fedbea00000
huge,mmap,171982115,addr,>,0x7fed4d000000,addr,<,0x7fedbea00000
huge,heap,76587744,addr,>,0x7fedbea00000,addr,<,0x7fee30400000
huge,mmap,76587744,addr,>,0x7fedbea00000,addr,<,0x7fee30400000
huge,heap,213852544,addr,>,0x7fee30400000,addr,<,0x7feea1e00000
huge,mmap,213852544,addr,>,0x7fee30400000,addr,<,0x7feea1e00000
huge,heap,131009019,addr,>,0x7feea1e00000,addr,<,0x7fef13800000
huge,mmap,131009019,addr,>,0x7feea1e00000,addr,<,0x7fef13800000
huge,heap,98395000,addr,>,0x7fef13800000,addr,<,0x7fef85200000
huge,mmap,98395000,addr,>,0x7fef13800000,addr,<,0x7fef85200000
huge,heap,14437294,addr,>,0x7fef85200000,addr,<,0x7feff6c00000
huge,mmap,14437294,addr,>,0x7fef85200000,addr,<,0x7feff6c00000
huge,heap,516825832,addr,>,0x7feff6c00000,addr,<,0x7ff068600000
huge,mmap,516825832,addr,>,0x7feff6c00000,addr,<,0x7ff068600000
huge,heap,233620695,addr,>,0x7ff068600000,addr,<,0x7ff0da000000
huge,mmap,233620695,addr,>,0x7ff068600000,addr,<,0x7ff0da000000
huge,heap,434616965,addr,>,0x7ff0da000000,addr,<,0x7ff14ba00000
huge,mmap,434616965,addr,>,0x7ff0da000000,addr,<,0x7ff14ba00000
huge,heap,578747766,addr,>,0x7ff14ba00000,addr,<,0x7ff1bd400000
huge,mmap,578747766,addr,>,0x7ff14ba00000,addr,<,0x7ff1bd400000
huge,heap,1125118556,addr,>,0x7ff1bd400000,addr,<,0x7ff22ee00000
huge,mmap,1125118556,addr,>,0x7ff1bd400000,addr,<,0x7ff22ee00000
huge,heap,1726002787,addr,>,0x7ff22ee00000,addr,<,0x7ff2a0800000
huge,mmap,1726002787,addr,>,0x7ff22ee00000,addr,<,0x7ff2a0800000
huge,heap,3837041315,addr,>,0x7ff2a0800000,addr,<,0x7ff312200000
huge,mmap,3837041315,addr,>,0x7ff2a0800000,addr,<,0x7ff312200000
huge,heap,396141855,addr,>,0x7ff312200000,addr,<,0x7ff383c00000
huge,mmap,396141855,addr,>,0x7ff312200000,addr,<,0x7ff383c00000
huge,heap,744923537,addr,>,0x7ff383c00000,addr,<,0x7ff3f5600000
huge,mmap,744923537,addr,>,0x7ff383c00000,addr,<,0x7ff3f5600000
huge,heap,51261982,addr,>,0x7ff3f5600000,addr,<,0x7ff467000000
huge,mmap,51261982,addr,>,0x7ff3f5600000,addr,<,0x7ff467000000
huge,heap,44077970,addr,>,0x7ff4d8a00000,addr,<,0x7ff54a400000
huge,mmap,44077970,addr,>,0x7ff4d8a00000,addr,<,0x7ff54a400000
huge,heap,162323536,addr,>,0x7ff54a400000,addr,<,0x7ff5bbe00000
huge,mmap,162323536,addr,>,0x7ff54a400000,addr,<,0x7ff5bbe00000
huge,heap,173174373,addr,>,0x7ff782600000,addr,<,0x7ff7f4000000
huge,mmap,173174373,addr,>,0x7ff782600000,addr,<,0x7ff7f4000000
huge,heap,125584889,addr,>,0x7ff865a00000,addr,<,0x7ff8d7400000
huge,mmap,125584889,addr,>,0x7ff865a00000,addr,<,0x7ff8d7400000
huge,heap,93258346,addr,>,0x7ffa9dc00000,addr,<,0x7ffb0f600000
huge,mmap,93258346,addr,>,0x7ffa9dc00000,addr,<,0x7ffb0f600000
huge,heap,8144140,addr,>,0x7ffb0f600000,addr,<,0x7ffb81000000
huge,mmap,8144140,addr,>,0x7ffb0f600000,addr,<,0x7ffb81000000
huge,heap,65579280,addr,>,0x7ffe9c600000,addr,<,0x7fff0e000000
huge,mmap,65579280,addr,>,0x7ffe9c600000,addr,<,0x7fff0e000000
eager,heap,1,addr,>,0x400000,addr,<,0x40d000
eager,mmap,1,addr,>,0x400000,addr,<,0x40d000
eager,heap,1,addr,>,0x60d000,addr,<,0x60e000
eager,mmap,1,addr,>,0x60d000,addr,<,0x60e000
eager,heap,1,addr,>,0x7fd400e00000,addr,<,0x7fd4017ff000
eager,mmap,1,addr,>,0x7fd400e00000,addr,<,0x7fd4017ff000
eager,heap,1,addr,>,0x7fd429000000,addr,<,0x7fd78c5ff000
eager,mmap,1,addr,>,0x7fd429000000,addr,<,0x7fd78c5ff000
eager,heap,1,addr,>,0x7fd929000000,addr,<,0x7ff3b83ff000
eager,mmap,1,addr,>,0x7fd929000000,addr,<,0x7ff3b83ff000
eager,heap,1,addr,>,0x7ff3b8500000,addr,<,0x7ff3b852e000
eager,mmap,1,addr,>,0x7ff3b8500000,addr,<,0x7ff3b852e000
eager,heap,1,addr,>,0x7ff3b8531000,addr,<,0x7ff3b855e000
eager,mmap,1,addr,>,0x7ff3b8531000,addr,<,0x7ff3b855e000
eager,heap,1,addr,>,0x7ff3b8562000,addr,<,0x7ff3b858f000
eager,mmap,1,addr,>,0x7ff3b8562000,addr,<,0x7ff3b858f000
eager,heap,1,addr,>,0x7ff3b8593000,addr,<,0x7ff3b85c0000
eager,mmap,1,addr,>,0x7ff3b8593000,addr,<,0x7ff3b85c0000
eager,heap,1,addr,>,0x7ff3b85c4000,addr,<,0x7ff3b85f1000
eager,mmap,1,addr,>,0x7ff3b85c4000,addr,<,0x7ff3b85f1000
eager,heap,1,addr,>,0x7ff3b85f5000,addr,<,0x7ffbfb1ff000
eager,mmap,1,addr,>,0x7ff3b85f5000,addr,<,0x7ffbfb1ff000
eager,heap,1,addr,>,0x7ffff5e00000,addr,<,0x7ffff67ff000
eager,mmap,1,addr,>,0x7ffff5e00000,addr,<,0x7ffff67ff000
eager,heap,1,addr,>,0x7ffff6932000,addr,<,0x7ffff6935000
eager,mmap,1,addr,>,0x7ffff6932000,addr,<,0x7ffff6935000
eager,heap,1,addr,>,0x7ffff6937000,addr,<,0x7ffff6941000
eager,mmap,1,addr,>,0x7ffff6937000,addr,<,0x7ffff6941000
eager,heap,1,addr,>,0x7ffff6b46000,addr,<,0x7ffff6b49000
eager,mmap,1,addr,>,0x7ffff6b46000,addr,<,0x7ffff6b49000
eager,heap,1,addr,>,0x7ffff6d4a000,addr,<,0x7ffff6d9f000
eager,mmap,1,addr,>,0x7ffff6d4a000,addr,<,0x7ffff6d9f000
eager,heap,1,addr,>,0x7ffff6db0000,addr,<,0x7ffff6e1f000
eager,mmap,1,addr,>,0x7ffff6db0000,addr,<,0x7ffff6e1f000
eager,heap,1,addr,>,0x7ffff6e30000,addr,<,0x7ffff6e6f000
eager,mmap,1,addr,>,0x7ffff6e30000,addr,<,0x7ffff6e6f000
eager,heap,1,addr,>,0x7ffff6e80000,addr,<,0x7ffff6e8f000
eager,mmap,1,addr,>,0x7ffff6e80000,addr,<,0x7ffff6e8f000
eager,heap,1,addr,>,0x7ffff6ea0000,addr,<,0x7ffff6ead000
eager,mmap,1,addr,>,0x7ffff6ea0000,addr,<,0x7ffff6ead000
eager,heap,1,addr,>,0x7ffff6eaf000,addr,<,0x7ffff6edb000
eager,mmap,1,addr,>,0x7ffff6eaf000,addr,<,0x7ffff6edb000
eager,heap,1,addr,>,0x7ffff6edd000,addr,<,0x7ffff6edf000
eager,mmap,1,addr,>,0x7ffff6edd000,addr,<,0x7ffff6edf000
eager,heap,1,addr,>,0x7ffff710f000,addr,<,0x7ffff7116000
eager,mmap,1,addr,>,0x7ffff710f000,addr,<,0x7ffff7116000
eager,heap,1,addr,>,0x7ffff7118000,addr,<,0x7ffff7318000
eager,mmap,1,addr,>,0x7ffff7118000,addr,<,0x7ffff7318000
eager,heap,1,addr,>,0x7ffff711a000,addr,<,0x7ffff712f000
eager,mmap,1,addr,>,0x7ffff711a000,addr,<,0x7ffff712f000
eager,heap,1,addr,>,0x7ffff7330000,addr,<,0x7ffff7331000
eager,mmap,1,addr,>,0x7ffff7330000,addr,<,0x7ffff7331000
eager,heap,1,addr,>,0x7ffff7335000,addr,<,0x7ffff734d000
eager,mmap,1,addr,>,0x7ffff7335000,addr,<,0x7ffff734d000
eager,heap,1,addr,>,0x7ffff734f000,addr,<,0x7ffff7355000
eager,mmap,1,addr,>,0x7ffff734f000,addr,<,0x7ffff7355000
eager,heap,1,addr,>,0x7ffff7357000,addr,<,0x7ffff737f000
eager,mmap,1,addr,>,0x7ffff7357000,addr,<,0x7ffff737f000
eager,heap,1,addr,>,0x7ffff7390000,addr,<,0x7ffff73ad000
eager,mmap,1,addr,>,0x7ffff7390000,addr,<,0x7ffff73ad000
eager,heap,1,addr,>,0x7ffff73af000,addr,<,0x7ffff73c2000
eager,mmap,1,addr,>,0x7ffff73af000,addr,<,0x7ffff73c2000
eager,heap,1,addr,>,0x7ffff73c4000,addr,<,0x7ffff73ca000
eager,mmap,1,addr,>,0x7ffff73c4000,addr,<,0x7ffff73ca000
eager,heap,1,addr,>,0x7ffff73d0000,addr,<,0x7ffff73df000
eager,mmap,1,addr,>,0x7ffff73d0000,addr,<,0x7ffff73df000
eager,heap,1,addr,>,0x7ffff7410000,addr,<,0x7ffff741a000
eager,mmap,1,addr,>,0x7ffff7410000,addr,<,0x7ffff741a000
eager,heap,1,addr,>,0x7ffff741c000,addr,<,0x7ffff7422000
eager,mmap,1,addr,>,0x7ffff741c000,addr,<,0x7ffff7422000
eager,heap,1,addr,>,0x7ffff7427000,addr,<,0x7ffff742f000
eager,mmap,1,addr,>,0x7ffff7427000,addr,<,0x7ffff742f000
eager,heap,1,addr,>,0x7ffff7636000,addr,<,0x7ffff76aa000
eager,mmap,1,addr,>,0x7ffff7636000,addr,<,0x7ffff76aa000
eager,heap,1,addr,>,0x7ffff76ac000,addr,<,0x7ffff76f3000
eager,mmap,1,addr,>,0x7ffff76ac000,addr,<,0x7ffff76f3000
eager,heap,1,addr,>,0x7ffff76f5000,addr,<,0x7ffff76ff000
eager,mmap,1,addr,>,0x7ffff76f5000,addr,<,0x7ffff76ff000
eager,heap,1,addr,>,0x7ffff7921000,addr,<,0x7ffff792a000
eager,mmap,1,addr,>,0x7ffff7921000,addr,<,0x7ffff792a000
eager,heap,1,addr,>,0x7ffff793c000,addr,<,0x7ffff795f000
eager,mmap,1,addr,>,0x7ffff793c000,addr,<,0x7ffff795f000
eager,heap,1,addr,>,0x7ffff7980000,addr,<,0x7ffff799b000
eager,mmap,1,addr,>,0x7ffff7980000,addr,<,0x7ffff799b000
eager,heap,1,addr,>,0x7ffff799d000,addr,<,0x7ffff79bf000
eager,mmap,1,addr,>,0x7ffff799d000,addr,<,0x7ffff79bf000
eager,heap,1,addr,>,0x7ffff7bc3000,addr,<,0x7ffff7bc8000
eager,mmap,1,addr,>,0x7ffff7bc3000,addr,<,0x7ffff7bc8000
eager,heap,1,addr,>,0x7ffff7bd0000,addr,<,0x7ffff7bd8000
eager,mmap,1,addr,>,0x7ffff7bd0000,addr,<,0x7ffff7bd8000
eager,heap,1,addr,>,0x7ffff7cd7000,addr,<,0x7ffff7cd8000
eager,mmap,1,addr,>,0x7ffff7cd7000,addr,<,0x7ffff7cd8000
eager,heap,1,addr,>,0x7ffff7dd8000,addr,<,0x7ffff7dfc000
eager,mmap,1,addr,>,0x7ffff7dd8000,addr,<,0x7ffff7dfc000
eager,heap,1,addr,>,0x7ffff7fde000,addr,<,0x7ffff7fe5000
eager,mmap,1,addr,>,0x7ffff7fde000,addr,<,0x7ffff7fe5000
eager,heap,1,addr,>,0x7ffff7ff6000,addr,<,0x7ffff7ff7000
eager,mmap,1,addr,>,0x7ffff7ff6000,addr,<,0x7ffff7ff7000
eager,heap,1,addr,>,0x7ffff7ffb000,addr,<,0x7ffff7ffe000
eager,mmap,1,addr,>,0x7ffff7ffb000,addr,<,0x7ffff7ffe000
eager,heap,1,addr,>,0x7fffffffa000,addr,<,0x7fffffffe000
eager,mmap,1,addr,>,0x7fffffffa000,addr,<,0x7fffffffe000
