huge,heap,64000000,addr,>,0x0,addr,<,0x7fd472000000
huge,mmap,64000000,addr,>,0x0,addr,<,0x7fd472000000
huge,heap,64000000,addr,>,0x7fd472000000,addr,<,0x7fd4e3a00000
huge,mmap,64000000,addr,>,0x7fd472000000,addr,<,0x7fd4e3a00000
huge,heap,64000000,addr,>,0x7fd4e3a00000,addr,<,0x7fd555400000
huge,mmap,64000000,addr,>,0x7fd4e3a00000,addr,<,0x7fd555400000
huge,heap,64000000,addr,>,0x7fd555400000,addr,<,0x7fd5c6e00000
huge,mmap,64000000,addr,>,0x7fd555400000,addr,<,0x7fd5c6e00000
huge,heap,64000000,addr,>,0x7fd5c6e00000,addr,<,0x7fd638800000
huge,mmap,64000000,addr,>,0x7fd5c6e00000,addr,<,0x7fd638800000
huge,heap,64000000,addr,>,0x7fd638800000,addr,<,0x7fd6aa200000
huge,mmap,64000000,addr,>,0x7fd638800000,addr,<,0x7fd6aa200000
huge,heap,765832320,addr,>,0x7fd6aa200000,addr,<,0x7fd71bc00000
huge,mmap,765832320,addr,>,0x7fd6aa200000,addr,<,0x7fd71bc00000
huge,heap,64000000,addr,>,0x7fd71bc00000,addr,<,0x7fd78d600000
huge,mmap,64000000,addr,>,0x7fd71bc00000,addr,<,0x7fd78d600000
huge,heap,64000000,addr,>,0x7fd78d600000,addr,<,0x7fd7ff000000
huge,mmap,64000000,addr,>,0x7fd78d600000,addr,<,0x7fd7ff000000
huge,heap,64000000,addr,>,0x7fd7ff000000,addr,<,0x7fd870a00000
huge,mmap,64000000,addr,>,0x7fd7ff000000,addr,<,0x7fd870a00000
huge,heap,1807978176,addr,>,0x7fd870a00000,addr,<,0x7fd8e2400000
huge,mmap,1807978176,addr,>,0x7fd870a00000,addr,<,0x7fd8e2400000
huge,heap,64000000,addr,>,0x7fd8e2400000,addr,<,0x7fd953e00000
huge,mmap,64000000,addr,>,0x7fd8e2400000,addr,<,0x7fd953e00000
huge,heap,64000000,addr,>,0x7fd953e00000,addr,<,0x7fd9c5800000
huge,mmap,64000000,addr,>,0x7fd953e00000,addr,<,0x7fd9c5800000
huge,heap,64000000,addr,>,0x7fd9c5800000,addr,<,0x7fda37200000
huge,mmap,64000000,addr,>,0x7fd9c5800000,addr,<,0x7fda37200000
huge,heap,64000000,addr,>,0x7fda37200000,addr,<,0x7fdaa8c00000
huge,mmap,64000000,addr,>,0x7fda37200000,addr,<,0x7fdaa8c00000
huge,heap,64000000,addr,>,0x7fdaa8c00000,addr,<,0x7fdb1a600000
huge,mmap,64000000,addr,>,0x7fdaa8c00000,addr,<,0x7fdb1a600000
huge,heap,64000000,addr,>,0x7fdb1a600000,addr,<,0x7fdb8c000000
huge,mmap,64000000,addr,>,0x7fdb1a600000,addr,<,0x7fdb8c000000
huge,heap,64000000,addr,>,0x7fdb8c000000,addr,<,0x7fdbfda00000
huge,mmap,64000000,addr,>,0x7fdb8c000000,addr,<,0x7fdbfda00000
huge,heap,64000000,addr,>,0x7fdbfda00000,addr,<,0x7fdc6f400000
huge,mmap,64000000,addr,>,0x7fdbfda00000,addr,<,0x7fdc6f400000
huge,heap,64000000,addr,>,0x7fdc6f400000,addr,<,0x7fdce0e00000
huge,mmap,64000000,addr,>,0x7fdc6f400000,addr,<,0x7fdce0e00000
huge,heap,64000000,addr,>,0x7fdce0e00000,addr,<,0x7fdd52800000
huge,mmap,64000000,addr,>,0x7fdce0e00000,addr,<,0x7fdd52800000
huge,heap,64000000,addr,>,0x7fdd52800000,addr,<,0x7fddc4200000
huge,mmap,64000000,addr,>,0x7fdd52800000,addr,<,0x7fddc4200000
huge,heap,4134341440,addr,>,0x7fddc4200000,addr,<,0x7fde35c00000
huge,mmap,4134341440,addr,>,0x7fddc4200000,addr,<,0x7fde35c00000
huge,heap,64000000,addr,>,0x7fde35c00000,addr,<,0x7fdea7600000
huge,mmap,64000000,addr,>,0x7fde35c00000,addr,<,0x7fdea7600000
huge,heap,64000000,addr,>,0x7fdea7600000,addr,<,0x7fdf19000000
huge,mmap,64000000,addr,>,0x7fdea7600000,addr,<,0x7fdf19000000
huge,heap,64000000,addr,>,0x7fdf19000000,addr,<,0x7fdf8aa00000
huge,mmap,64000000,addr,>,0x7fdf19000000,addr,<,0x7fdf8aa00000
huge,heap,64000000,addr,>,0x7fdf8aa00000,addr,<,0x7fdffc400000
huge,mmap,64000000,addr,>,0x7fdf8aa00000,addr,<,0x7fdffc400000
huge,heap,3668291904,addr,>,0x7fdffc400000,addr,<,0x7fe06de00000
huge,mmap,3668291904,addr,>,0x7fdffc400000,addr,<,0x7fe06de00000
huge,heap,2965748800,addr,>,0x7fe06de00000,addr,<,0x7fe0df800000
huge,mmap,2965748800,addr,>,0x7fe06de00000,addr,<,0x7fe0df800000
huge,heap,64000000,addr,>,0x7fe0df800000,addr,<,0x7fe151200000
huge,mmap,64000000,addr,>,0x7fe0df800000,addr,<,0x7fe151200000
huge,heap,64000000,addr,>,0x7fe151200000,addr,<,0x7fe1c2c00000
huge,mmap,64000000,addr,>,0x7fe151200000,addr,<,0x7fe1c2c00000
huge,heap,64000000,addr,>,0x7fe1c2c00000,addr,<,0x7fe234600000
huge,mmap,64000000,addr,>,0x7fe1c2c00000,addr,<,0x7fe234600000
huge,heap,64000000,addr,>,0x7fe234600000,addr,<,0x7fe2a6000000
huge,mmap,64000000,addr,>,0x7fe234600000,addr,<,0x7fe2a6000000
huge,heap,10580996096,addr,>,0x7fe2a6000000,addr,<,0x7fe317a00000
huge,mmap,10580996096,addr,>,0x7fe2a6000000,addr,<,0x7fe317a00000
huge,heap,64000000,addr,>,0x7fe317a00000,addr,<,0x7fe389400000
huge,mmap,64000000,addr,>,0x7fe317a00000,addr,<,0x7fe389400000
huge,heap,64000000,addr,>,0x7fe389400000,addr,<,0x7fe3fae00000
huge,mmap,64000000,addr,>,0x7fe389400000,addr,<,0x7fe3fae00000
huge,heap,64000000,addr,>,0x7fe3fae00000,addr,<,0x7fe46c800000
huge,mmap,64000000,addr,>,0x7fe3fae00000,addr,<,0x7fe46c800000
huge,heap,64000000,addr,>,0x7fe46c800000,addr,<,0x7fe4de200000
huge,mmap,64000000,addr,>,0x7fe46c800000,addr,<,0x7fe4de200000
huge,heap,64000000,addr,>,0x7fe4de200000,addr,<,0x7fe54fc00000
huge,mmap,64000000,addr,>,0x7fe4de200000,addr,<,0x7fe54fc00000
huge,heap,64000000,addr,>,0x7fe54fc00000,addr,<,0x7fe5c1600000
huge,mmap,64000000,addr,>,0x7fe54fc00000,addr,<,0x7fe5c1600000
huge,heap,7928461696,addr,>,0x7fe5c1600000,addr,<,0x7fe633000000
huge,mmap,7928461696,addr,>,0x7fe5c1600000,addr,<,0x7fe633000000
huge,heap,9600298368,addr,>,0x7fe633000000,addr,<,0x7fe6a4a00000
huge,mmap,9600298368,addr,>,0x7fe633000000,addr,<,0x7fe6a4a00000
huge,heap,64000000,addr,>,0x7fe6a4a00000,addr,<,0x7fe716400000
huge,mmap,64000000,addr,>,0x7fe6a4a00000,addr,<,0x7fe716400000
huge,heap,64000000,addr,>,0x7fe716400000,addr,<,0x7fe787e00000
huge,mmap,64000000,addr,>,0x7fe716400000,addr,<,0x7fe787e00000
huge,heap,2884781440,addr,>,0x7fe787e00000,addr,<,0x7fe7f9800000
huge,mmap,2884781440,addr,>,0x7fe787e00000,addr,<,0x7fe7f9800000
huge,heap,64000000,addr,>,0x7fe7f9800000,addr,<,0x7fe86b200000
huge,mmap,64000000,addr,>,0x7fe7f9800000,addr,<,0x7fe86b200000
huge,heap,64000000,addr,>,0x7fe86b200000,addr,<,0x7fe8dcc00000
huge,mmap,64000000,addr,>,0x7fe86b200000,addr,<,0x7fe8dcc00000
huge,heap,64000000,addr,>,0x7fe8dcc00000,addr,<,0x7fe94e600000
huge,mmap,64000000,addr,>,0x7fe8dcc00000,addr,<,0x7fe94e600000
huge,heap,64000000,addr,>,0x7fe94e600000,addr,<,0x7fe9c0000000
huge,mmap,64000000,addr,>,0x7fe94e600000,addr,<,0x7fe9c0000000
huge,heap,64000000,addr,>,0x7fe9c0000000,addr,<,0x7fea31a00000
huge,mmap,64000000,addr,>,0x7fe9c0000000,addr,<,0x7fea31a00000
huge,heap,64000000,addr,>,0x7fea31a00000,addr,<,0x7feaa3400000
huge,mmap,64000000,addr,>,0x7fea31a00000,addr,<,0x7feaa3400000
huge,heap,64000000,addr,>,0x7feaa3400000,addr,<,0x7feb14e00000
huge,mmap,64000000,addr,>,0x7feaa3400000,addr,<,0x7feb14e00000
huge,heap,64000000,addr,>,0x7feb14e00000,addr,<,0x7feb86800000
huge,mmap,64000000,addr,>,0x7feb14e00000,addr,<,0x7feb86800000
huge,heap,100632,addr,>,0x7feb86800000,addr,<,0x7febf8200000
huge,mmap,100632,addr,>,0x7feb86800000,addr,<,0x7febf8200000
huge,heap,12702872640,addr,>,0x7febf8200000,addr,<,0x7fec69c00000
huge,mmap,12702872640,addr,>,0x7febf8200000,addr,<,0x7fec69c00000
huge,heap,64000000,addr,>,0x7fec69c00000,addr,<,0x7fecdb600000
huge,mmap,64000000,addr,>,0x7fec69c00000,addr,<,0x7fecdb600000
huge,heap,64000000,addr,>,0x7fecdb600000,addr,<,0x7fed4d000000
huge,mmap,64000000,addr,>,0x7fecdb600000,addr,<,0x7fed4d000000
huge,heap,11006855360,addr,>,0x7fed4d000000,addr,<,0x7fedbea00000
huge,mmap,11006855360,addr,>,0x7fed4d000000,addr,<,0x7fedbea00000
huge,heap,4901615616,addr,>,0x7fedbea00000,addr,<,0x7fee30400000
huge,mmap,4901615616,addr,>,0x7fedbea00000,addr,<,0x7fee30400000
huge,heap,13686562816,addr,>,0x7fee30400000,addr,<,0x7feea1e00000
huge,mmap,13686562816,addr,>,0x7fee30400000,addr,<,0x7feea1e00000
huge,heap,8384577216,addr,>,0x7feea1e00000,addr,<,0x7fef13800000
huge,mmap,8384577216,addr,>,0x7feea1e00000,addr,<,0x7fef13800000
huge,heap,6297280000,addr,>,0x7fef13800000,addr,<,0x7fef85200000
huge,mmap,6297280000,addr,>,0x7fef13800000,addr,<,0x7fef85200000
huge,heap,923986816,addr,>,0x7fef85200000,addr,<,0x7feff6c00000
huge,mmap,923986816,addr,>,0x7fef85200000,addr,<,0x7feff6c00000
huge,heap,33076853248,addr,>,0x7feff6c00000,addr,<,0x7ff068600000
huge,mmap,33076853248,addr,>,0x7feff6c00000,addr,<,0x7ff068600000
huge,heap,14951724480,addr,>,0x7ff068600000,addr,<,0x7ff0da000000
huge,mmap,14951724480,addr,>,0x7ff068600000,addr,<,0x7ff0da000000
huge,heap,27815485760,addr,>,0x7ff0da000000,addr,<,0x7ff14ba00000
huge,mmap,27815485760,addr,>,0x7ff0da000000,addr,<,0x7ff14ba00000
huge,heap,37039857024,addr,>,0x7ff14ba00000,addr,<,0x7ff1bd400000
huge,mmap,37039857024,addr,>,0x7ff14ba00000,addr,<,0x7ff1bd400000
huge,heap,72007587584,addr,>,0x7ff1bd400000,addr,<,0x7ff22ee00000
huge,mmap,72007587584,addr,>,0x7ff1bd400000,addr,<,0x7ff22ee00000
huge,heap,110464178368,addr,>,0x7ff22ee00000,addr,<,0x7ff2a0800000
huge,mmap,110464178368,addr,>,0x7ff22ee00000,addr,<,0x7ff2a0800000
huge,heap,245570644160,addr,>,0x7ff2a0800000,addr,<,0x7ff312200000
huge,mmap,245570644160,addr,>,0x7ff2a0800000,addr,<,0x7ff312200000
huge,heap,25353078720,addr,>,0x7ff312200000,addr,<,0x7ff383c00000
huge,mmap,25353078720,addr,>,0x7ff312200000,addr,<,0x7ff383c00000
huge,heap,47675106368,addr,>,0x7ff383c00000,addr,<,0x7ff3f5600000
huge,mmap,47675106368,addr,>,0x7ff383c00000,addr,<,0x7ff3f5600000
huge,heap,3280766848,addr,>,0x7ff3f5600000,addr,<,0x7ff467000000
huge,mmap,3280766848,addr,>,0x7ff3f5600000,addr,<,0x7ff467000000
huge,heap,64000000,addr,>,0x7ff467000000,addr,<,0x7ff4d8a00000
huge,mmap,64000000,addr,>,0x7ff467000000,addr,<,0x7ff4d8a00000
huge,heap,2820990080,addr,>,0x7ff4d8a00000,addr,<,0x7ff54a400000
huge,mmap,2820990080,addr,>,0x7ff4d8a00000,addr,<,0x7ff54a400000
huge,heap,10388706304,addr,>,0x7ff54a400000,addr,<,0x7ff5bbe00000
huge,mmap,10388706304,addr,>,0x7ff54a400000,addr,<,0x7ff5bbe00000
huge,heap,64000000,addr,>,0x7ff5bbe00000,addr,<,0x7ff62d800000
huge,mmap,64000000,addr,>,0x7ff5bbe00000,addr,<,0x7ff62d800000
huge,heap,64000000,addr,>,0x7ff62d800000,addr,<,0x7ff69f200000
huge,mmap,64000000,addr,>,0x7ff62d800000,addr,<,0x7ff69f200000
huge,heap,64000000,addr,>,0x7ff69f200000,addr,<,0x7ff710c00000
huge,mmap,64000000,addr,>,0x7ff69f200000,addr,<,0x7ff710c00000
huge,heap,64000000,addr,>,0x7ff710c00000,addr,<,0x7ff782600000
huge,mmap,64000000,addr,>,0x7ff710c00000,addr,<,0x7ff782600000
huge,heap,11083159872,addr,>,0x7ff782600000,addr,<,0x7ff7f4000000
huge,mmap,11083159872,addr,>,0x7ff782600000,addr,<,0x7ff7f4000000
huge,heap,64000000,addr,>,0x7ff7f4000000,addr,<,0x7ff865a00000
huge,mmap,64000000,addr,>,0x7ff7f4000000,addr,<,0x7ff865a00000
huge,heap,8037432896,addr,>,0x7ff865a00000,addr,<,0x7ff8d7400000
huge,mmap,8037432896,addr,>,0x7ff865a00000,addr,<,0x7ff8d7400000
huge,heap,64000000,addr,>,0x7ff8d7400000,addr,<,0x7ff948e00000
huge,mmap,64000000,addr,>,0x7ff8d7400000,addr,<,0x7ff948e00000
huge,heap,64000000,addr,>,0x7ff948e00000,addr,<,0x7ff9ba800000
huge,mmap,64000000,addr,>,0x7ff948e00000,addr,<,0x7ff9ba800000
huge,heap,64000000,addr,>,0x7ff9ba800000,addr,<,0x7ffa2c200000
huge,mmap,64000000,addr,>,0x7ff9ba800000,addr,<,0x7ffa2c200000
huge,heap,64000000,addr,>,0x7ffa2c200000,addr,<,0x7ffa9dc00000
huge,mmap,64000000,addr,>,0x7ffa2c200000,addr,<,0x7ffa9dc00000
huge,heap,5968534144,addr,>,0x7ffa9dc00000,addr,<,0x7ffb0f600000
huge,mmap,5968534144,addr,>,0x7ffa9dc00000,addr,<,0x7ffb0f600000
huge,heap,521224960,addr,>,0x7ffb0f600000,addr,<,0x7ffb81000000
huge,mmap,521224960,addr,>,0x7ffb0f600000,addr,<,0x7ffb81000000
huge,heap,64000000,addr,>,0x7ffb81000000,addr,<,0x7ffbf2a00000
huge,mmap,64000000,addr,>,0x7ffb81000000,addr,<,0x7ffbf2a00000
huge,heap,64000000,addr,>,0x7ffbf2a00000,addr,<,0x7ffc64400000
huge,mmap,64000000,addr,>,0x7ffbf2a00000,addr,<,0x7ffc64400000
huge,heap,64000000,addr,>,0x7ffc64400000,addr,<,0x7ffcd5e00000
huge,mmap,64000000,addr,>,0x7ffc64400000,addr,<,0x7ffcd5e00000
huge,heap,64000000,addr,>,0x7ffcd5e00000,addr,<,0x7ffd47800000
huge,mmap,64000000,addr,>,0x7ffcd5e00000,addr,<,0x7ffd47800000
huge,heap,64000000,addr,>,0x7ffd47800000,addr,<,0x7ffdb9200000
huge,mmap,64000000,addr,>,0x7ffd47800000,addr,<,0x7ffdb9200000
huge,heap,64000000,addr,>,0x7ffdb9200000,addr,<,0x7ffe2ac00000
huge,mmap,64000000,addr,>,0x7ffdb9200000,addr,<,0x7ffe2ac00000
huge,heap,64000000,addr,>,0x7ffe2ac00000,addr,<,0x7ffe9c600000
huge,mmap,64000000,addr,>,0x7ffe2ac00000,addr,<,0x7ffe9c600000
huge,heap,4197073920,addr,>,0x7ffe9c600000,addr,<,0x7fff0e000000
huge,mmap,4197073920,addr,>,0x7ffe9c600000,addr,<,0x7fff0e000000
huge,heap,64000000,addr,>,0x7fff0e000000,addr,<,0x7fff7fa00000
huge,mmap,64000000,addr,>,0x7fff0e000000,addr,<,0x7fff7fa00000
huge,heap,64000000,addr,>,0x7fff7fa00000,addr,<,0x7ffff1400000
huge,mmap,64000000,addr,>,0x7fff7fa00000,addr,<,0x7ffff1400000
huge,heap,64000000,addr,>,0x7ffff1400000,addr,<,0x800062e00000
huge,mmap,64000000,addr,>,0x7ffff1400000,addr,<,0x800062e00000
eager,heap,1,addr,>,0x400000,addr,<,0x40d000
eager,mmap,1,addr,>,0x400000,addr,<,0x40d000
huge,heap,4294967296,addr,>,0x400000,addr,<,0x40d000
huge,mmap,4294967296,addr,>,0x400000,addr,<,0x40d000
eager,heap,1,addr,>,0x60d000,addr,<,0x60e000
eager,mmap,1,addr,>,0x60d000,addr,<,0x60e000
huge,heap,4294967296,addr,>,0x60d000,addr,<,0x60e000
huge,mmap,4294967296,addr,>,0x60d000,addr,<,0x60e000
eager,heap,1,addr,>,0x7fd400e00000,addr,<,0x7fd4017ff000
eager,mmap,1,addr,>,0x7fd400e00000,addr,<,0x7fd4017ff000
huge,heap,4294967296,addr,>,0x7fd400e00000,addr,<,0x7fd4017ff000
huge,mmap,4294967296,addr,>,0x7fd400e00000,addr,<,0x7fd4017ff000
eager,heap,1,addr,>,0x7fd429000000,addr,<,0x7fd78c5ff000
eager,mmap,1,addr,>,0x7fd429000000,addr,<,0x7fd78c5ff000
huge,heap,4294967296,addr,>,0x7fd429000000,addr,<,0x7fd78c5ff000
huge,mmap,4294967296,addr,>,0x7fd429000000,addr,<,0x7fd78c5ff000
eager,heap,1,addr,>,0x7fd929000000,addr,<,0x7ff3b83ff000
eager,mmap,1,addr,>,0x7fd929000000,addr,<,0x7ff3b83ff000
huge,heap,4294967296,addr,>,0x7fd929000000,addr,<,0x7ff3b83ff000
huge,mmap,4294967296,addr,>,0x7fd929000000,addr,<,0x7ff3b83ff000
eager,heap,1,addr,>,0x7ff3b8500000,addr,<,0x7ff3b852e000
eager,mmap,1,addr,>,0x7ff3b8500000,addr,<,0x7ff3b852e000
huge,heap,4294967296,addr,>,0x7ff3b8500000,addr,<,0x7ff3b852e000
huge,mmap,4294967296,addr,>,0x7ff3b8500000,addr,<,0x7ff3b852e000
eager,heap,1,addr,>,0x7ff3b8531000,addr,<,0x7ff3b855e000
eager,mmap,1,addr,>,0x7ff3b8531000,addr,<,0x7ff3b855e000
huge,heap,4294967296,addr,>,0x7ff3b8531000,addr,<,0x7ff3b855e000
huge,mmap,4294967296,addr,>,0x7ff3b8531000,addr,<,0x7ff3b855e000
eager,heap,1,addr,>,0x7ff3b8562000,addr,<,0x7ff3b858f000
eager,mmap,1,addr,>,0x7ff3b8562000,addr,<,0x7ff3b858f000
huge,heap,4294967296,addr,>,0x7ff3b8562000,addr,<,0x7ff3b858f000
huge,mmap,4294967296,addr,>,0x7ff3b8562000,addr,<,0x7ff3b858f000
eager,heap,1,addr,>,0x7ff3b8593000,addr,<,0x7ff3b85c0000
eager,mmap,1,addr,>,0x7ff3b8593000,addr,<,0x7ff3b85c0000
huge,heap,4294967296,addr,>,0x7ff3b8593000,addr,<,0x7ff3b85c0000
huge,mmap,4294967296,addr,>,0x7ff3b8593000,addr,<,0x7ff3b85c0000
eager,heap,1,addr,>,0x7ff3b85c4000,addr,<,0x7ff3b85f1000
eager,mmap,1,addr,>,0x7ff3b85c4000,addr,<,0x7ff3b85f1000
huge,heap,4294967296,addr,>,0x7ff3b85c4000,addr,<,0x7ff3b85f1000
huge,mmap,4294967296,addr,>,0x7ff3b85c4000,addr,<,0x7ff3b85f1000
eager,heap,1,addr,>,0x7ff3b85f5000,addr,<,0x7ffbfb1ff000
eager,mmap,1,addr,>,0x7ff3b85f5000,addr,<,0x7ffbfb1ff000
huge,heap,4294967296,addr,>,0x7ff3b85f5000,addr,<,0x7ffbfb1ff000
huge,mmap,4294967296,addr,>,0x7ff3b85f5000,addr,<,0x7ffbfb1ff000
eager,heap,1,addr,>,0x7ffff5e00000,addr,<,0x7ffff67ff000
eager,mmap,1,addr,>,0x7ffff5e00000,addr,<,0x7ffff67ff000
huge,heap,4294967296,addr,>,0x7ffff5e00000,addr,<,0x7ffff67ff000
huge,mmap,4294967296,addr,>,0x7ffff5e00000,addr,<,0x7ffff67ff000
eager,heap,1,addr,>,0x7ffff6932000,addr,<,0x7ffff6935000
eager,mmap,1,addr,>,0x7ffff6932000,addr,<,0x7ffff6935000
huge,heap,4294967296,addr,>,0x7ffff6932000,addr,<,0x7ffff6935000
huge,mmap,4294967296,addr,>,0x7ffff6932000,addr,<,0x7ffff6935000
eager,heap,1,addr,>,0x7ffff6937000,addr,<,0x7ffff6941000
eager,mmap,1,addr,>,0x7ffff6937000,addr,<,0x7ffff6941000
huge,heap,4294967296,addr,>,0x7ffff6937000,addr,<,0x7ffff6941000
huge,mmap,4294967296,addr,>,0x7ffff6937000,addr,<,0x7ffff6941000
eager,heap,1,addr,>,0x7ffff6b46000,addr,<,0x7ffff6b49000
eager,mmap,1,addr,>,0x7ffff6b46000,addr,<,0x7ffff6b49000
huge,heap,4294967296,addr,>,0x7ffff6b46000,addr,<,0x7ffff6b49000
huge,mmap,4294967296,addr,>,0x7ffff6b46000,addr,<,0x7ffff6b49000
eager,heap,1,addr,>,0x7ffff6d4a000,addr,<,0x7ffff6d9f000
eager,mmap,1,addr,>,0x7ffff6d4a000,addr,<,0x7ffff6d9f000
huge,heap,4294967296,addr,>,0x7ffff6d4a000,addr,<,0x7ffff6d9f000
huge,mmap,4294967296,addr,>,0x7ffff6d4a000,addr,<,0x7ffff6d9f000
eager,heap,1,addr,>,0x7ffff6db0000,addr,<,0x7ffff6e1f000
eager,mmap,1,addr,>,0x7ffff6db0000,addr,<,0x7ffff6e1f000
huge,heap,4294967296,addr,>,0x7ffff6db0000,addr,<,0x7ffff6e1f000
huge,mmap,4294967296,addr,>,0x7ffff6db0000,addr,<,0x7ffff6e1f000
eager,heap,1,addr,>,0x7ffff6e30000,addr,<,0x7ffff6e6f000
eager,mmap,1,addr,>,0x7ffff6e30000,addr,<,0x7ffff6e6f000
huge,heap,4294967296,addr,>,0x7ffff6e30000,addr,<,0x7ffff6e6f000
huge,mmap,4294967296,addr,>,0x7ffff6e30000,addr,<,0x7ffff6e6f000
eager,heap,1,addr,>,0x7ffff6e80000,addr,<,0x7ffff6e8f000
eager,mmap,1,addr,>,0x7ffff6e80000,addr,<,0x7ffff6e8f000
huge,heap,4294967296,addr,>,0x7ffff6e80000,addr,<,0x7ffff6e8f000
huge,mmap,4294967296,addr,>,0x7ffff6e80000,addr,<,0x7ffff6e8f000
eager,heap,1,addr,>,0x7ffff6ea0000,addr,<,0x7ffff6ead000
eager,mmap,1,addr,>,0x7ffff6ea0000,addr,<,0x7ffff6ead000
huge,heap,4294967296,addr,>,0x7ffff6ea0000,addr,<,0x7ffff6ead000
huge,mmap,4294967296,addr,>,0x7ffff6ea0000,addr,<,0x7ffff6ead000
eager,heap,1,addr,>,0x7ffff6eaf000,addr,<,0x7ffff6edb000
eager,mmap,1,addr,>,0x7ffff6eaf000,addr,<,0x7ffff6edb000
huge,heap,4294967296,addr,>,0x7ffff6eaf000,addr,<,0x7ffff6edb000
huge,mmap,4294967296,addr,>,0x7ffff6eaf000,addr,<,0x7ffff6edb000
eager,heap,1,addr,>,0x7ffff6edd000,addr,<,0x7ffff6edf000
eager,mmap,1,addr,>,0x7ffff6edd000,addr,<,0x7ffff6edf000
huge,heap,4294967296,addr,>,0x7ffff6edd000,addr,<,0x7ffff6edf000
huge,mmap,4294967296,addr,>,0x7ffff6edd000,addr,<,0x7ffff6edf000
eager,heap,1,addr,>,0x7ffff710f000,addr,<,0x7ffff7116000
eager,mmap,1,addr,>,0x7ffff710f000,addr,<,0x7ffff7116000
huge,heap,4294967296,addr,>,0x7ffff710f000,addr,<,0x7ffff7116000
huge,mmap,4294967296,addr,>,0x7ffff710f000,addr,<,0x7ffff7116000
eager,heap,1,addr,>,0x7ffff7118000,addr,<,0x7ffff7318000
eager,mmap,1,addr,>,0x7ffff7118000,addr,<,0x7ffff7318000
huge,heap,4294967296,addr,>,0x7ffff7118000,addr,<,0x7ffff7318000
huge,mmap,4294967296,addr,>,0x7ffff7118000,addr,<,0x7ffff7318000
eager,heap,1,addr,>,0x7ffff711a000,addr,<,0x7ffff712f000
eager,mmap,1,addr,>,0x7ffff711a000,addr,<,0x7ffff712f000
huge,heap,4294967296,addr,>,0x7ffff711a000,addr,<,0x7ffff712f000
huge,mmap,4294967296,addr,>,0x7ffff711a000,addr,<,0x7ffff712f000
eager,heap,1,addr,>,0x7ffff7330000,addr,<,0x7ffff7331000
eager,mmap,1,addr,>,0x7ffff7330000,addr,<,0x7ffff7331000
huge,heap,4294967296,addr,>,0x7ffff7330000,addr,<,0x7ffff7331000
huge,mmap,4294967296,addr,>,0x7ffff7330000,addr,<,0x7ffff7331000
eager,heap,1,addr,>,0x7ffff7335000,addr,<,0x7ffff734d000
eager,mmap,1,addr,>,0x7ffff7335000,addr,<,0x7ffff734d000
huge,heap,4294967296,addr,>,0x7ffff7335000,addr,<,0x7ffff734d000
huge,mmap,4294967296,addr,>,0x7ffff7335000,addr,<,0x7ffff734d000
eager,heap,1,addr,>,0x7ffff734f000,addr,<,0x7ffff7355000
eager,mmap,1,addr,>,0x7ffff734f000,addr,<,0x7ffff7355000
huge,heap,4294967296,addr,>,0x7ffff734f000,addr,<,0x7ffff7355000
huge,mmap,4294967296,addr,>,0x7ffff734f000,addr,<,0x7ffff7355000
eager,heap,1,addr,>,0x7ffff7357000,addr,<,0x7ffff737f000
eager,mmap,1,addr,>,0x7ffff7357000,addr,<,0x7ffff737f000
huge,heap,4294967296,addr,>,0x7ffff7357000,addr,<,0x7ffff737f000
huge,mmap,4294967296,addr,>,0x7ffff7357000,addr,<,0x7ffff737f000
eager,heap,1,addr,>,0x7ffff7390000,addr,<,0x7ffff73ad000
eager,mmap,1,addr,>,0x7ffff7390000,addr,<,0x7ffff73ad000
huge,heap,4294967296,addr,>,0x7ffff7390000,addr,<,0x7ffff73ad000
huge,mmap,4294967296,addr,>,0x7ffff7390000,addr,<,0x7ffff73ad000
eager,heap,1,addr,>,0x7ffff73af000,addr,<,0x7ffff73c2000
eager,mmap,1,addr,>,0x7ffff73af000,addr,<,0x7ffff73c2000
huge,heap,4294967296,addr,>,0x7ffff73af000,addr,<,0x7ffff73c2000
huge,mmap,4294967296,addr,>,0x7ffff73af000,addr,<,0x7ffff73c2000
eager,heap,1,addr,>,0x7ffff73c4000,addr,<,0x7ffff73ca000
eager,mmap,1,addr,>,0x7ffff73c4000,addr,<,0x7ffff73ca000
huge,heap,4294967296,addr,>,0x7ffff73c4000,addr,<,0x7ffff73ca000
huge,mmap,4294967296,addr,>,0x7ffff73c4000,addr,<,0x7ffff73ca000
eager,heap,1,addr,>,0x7ffff73d0000,addr,<,0x7ffff73df000
eager,mmap,1,addr,>,0x7ffff73d0000,addr,<,0x7ffff73df000
huge,heap,4294967296,addr,>,0x7ffff73d0000,addr,<,0x7ffff73df000
huge,mmap,4294967296,addr,>,0x7ffff73d0000,addr,<,0x7ffff73df000
eager,heap,1,addr,>,0x7ffff7410000,addr,<,0x7ffff741a000
eager,mmap,1,addr,>,0x7ffff7410000,addr,<,0x7ffff741a000
huge,heap,4294967296,addr,>,0x7ffff7410000,addr,<,0x7ffff741a000
huge,mmap,4294967296,addr,>,0x7ffff7410000,addr,<,0x7ffff741a000
eager,heap,1,addr,>,0x7ffff741c000,addr,<,0x7ffff7422000
eager,mmap,1,addr,>,0x7ffff741c000,addr,<,0x7ffff7422000
huge,heap,4294967296,addr,>,0x7ffff741c000,addr,<,0x7ffff7422000
huge,mmap,4294967296,addr,>,0x7ffff741c000,addr,<,0x7ffff7422000
eager,heap,1,addr,>,0x7ffff7427000,addr,<,0x7ffff742f000
eager,mmap,1,addr,>,0x7ffff7427000,addr,<,0x7ffff742f000
huge,heap,4294967296,addr,>,0x7ffff7427000,addr,<,0x7ffff742f000
huge,mmap,4294967296,addr,>,0x7ffff7427000,addr,<,0x7ffff742f000
eager,heap,1,addr,>,0x7ffff7636000,addr,<,0x7ffff76aa000
eager,mmap,1,addr,>,0x7ffff7636000,addr,<,0x7ffff76aa000
huge,heap,4294967296,addr,>,0x7ffff7636000,addr,<,0x7ffff76aa000
huge,mmap,4294967296,addr,>,0x7ffff7636000,addr,<,0x7ffff76aa000
eager,heap,1,addr,>,0x7ffff76ac000,addr,<,0x7ffff76f3000
eager,mmap,1,addr,>,0x7ffff76ac000,addr,<,0x7ffff76f3000
huge,heap,4294967296,addr,>,0x7ffff76ac000,addr,<,0x7ffff76f3000
huge,mmap,4294967296,addr,>,0x7ffff76ac000,addr,<,0x7ffff76f3000
eager,heap,1,addr,>,0x7ffff76f5000,addr,<,0x7ffff76ff000
eager,mmap,1,addr,>,0x7ffff76f5000,addr,<,0x7ffff76ff000
huge,heap,4294967296,addr,>,0x7ffff76f5000,addr,<,0x7ffff76ff000
huge,mmap,4294967296,addr,>,0x7ffff76f5000,addr,<,0x7ffff76ff000
eager,heap,1,addr,>,0x7ffff7921000,addr,<,0x7ffff792a000
eager,mmap,1,addr,>,0x7ffff7921000,addr,<,0x7ffff792a000
huge,heap,4294967296,addr,>,0x7ffff7921000,addr,<,0x7ffff792a000
huge,mmap,4294967296,addr,>,0x7ffff7921000,addr,<,0x7ffff792a000
eager,heap,1,addr,>,0x7ffff793c000,addr,<,0x7ffff795f000
eager,mmap,1,addr,>,0x7ffff793c000,addr,<,0x7ffff795f000
huge,heap,4294967296,addr,>,0x7ffff793c000,addr,<,0x7ffff795f000
huge,mmap,4294967296,addr,>,0x7ffff793c000,addr,<,0x7ffff795f000
eager,heap,1,addr,>,0x7ffff7980000,addr,<,0x7ffff799b000
eager,mmap,1,addr,>,0x7ffff7980000,addr,<,0x7ffff799b000
huge,heap,4294967296,addr,>,0x7ffff7980000,addr,<,0x7ffff799b000
huge,mmap,4294967296,addr,>,0x7ffff7980000,addr,<,0x7ffff799b000
eager,heap,1,addr,>,0x7ffff799d000,addr,<,0x7ffff79bf000
eager,mmap,1,addr,>,0x7ffff799d000,addr,<,0x7ffff79bf000
huge,heap,4294967296,addr,>,0x7ffff799d000,addr,<,0x7ffff79bf000
huge,mmap,4294967296,addr,>,0x7ffff799d000,addr,<,0x7ffff79bf000
eager,heap,1,addr,>,0x7ffff7bc3000,addr,<,0x7ffff7bc8000
eager,mmap,1,addr,>,0x7ffff7bc3000,addr,<,0x7ffff7bc8000
huge,heap,4294967296,addr,>,0x7ffff7bc3000,addr,<,0x7ffff7bc8000
huge,mmap,4294967296,addr,>,0x7ffff7bc3000,addr,<,0x7ffff7bc8000
eager,heap,1,addr,>,0x7ffff7bd0000,addr,<,0x7ffff7bd8000
eager,mmap,1,addr,>,0x7ffff7bd0000,addr,<,0x7ffff7bd8000
huge,heap,4294967296,addr,>,0x7ffff7bd0000,addr,<,0x7ffff7bd8000
huge,mmap,4294967296,addr,>,0x7ffff7bd0000,addr,<,0x7ffff7bd8000
eager,heap,1,addr,>,0x7ffff7cd7000,addr,<,0x7ffff7cd8000
eager,mmap,1,addr,>,0x7ffff7cd7000,addr,<,0x7ffff7cd8000
huge,heap,4294967296,addr,>,0x7ffff7cd7000,addr,<,0x7ffff7cd8000
huge,mmap,4294967296,addr,>,0x7ffff7cd7000,addr,<,0x7ffff7cd8000
eager,heap,1,addr,>,0x7ffff7dd8000,addr,<,0x7ffff7dfc000
eager,mmap,1,addr,>,0x7ffff7dd8000,addr,<,0x7ffff7dfc000
huge,heap,4294967296,addr,>,0x7ffff7dd8000,addr,<,0x7ffff7dfc000
huge,mmap,4294967296,addr,>,0x7ffff7dd8000,addr,<,0x7ffff7dfc000
eager,heap,1,addr,>,0x7ffff7fde000,addr,<,0x7ffff7fe5000
eager,mmap,1,addr,>,0x7ffff7fde000,addr,<,0x7ffff7fe5000
huge,heap,4294967296,addr,>,0x7ffff7fde000,addr,<,0x7ffff7fe5000
huge,mmap,4294967296,addr,>,0x7ffff7fde000,addr,<,0x7ffff7fe5000
eager,heap,1,addr,>,0x7ffff7ff6000,addr,<,0x7ffff7ff7000
eager,mmap,1,addr,>,0x7ffff7ff6000,addr,<,0x7ffff7ff7000
huge,heap,4294967296,addr,>,0x7ffff7ff6000,addr,<,0x7ffff7ff7000
huge,mmap,4294967296,addr,>,0x7ffff7ff6000,addr,<,0x7ffff7ff7000
eager,heap,1,addr,>,0x7ffff7ffb000,addr,<,0x7ffff7ffe000
eager,mmap,1,addr,>,0x7ffff7ffb000,addr,<,0x7ffff7ffe000
huge,heap,4294967296,addr,>,0x7ffff7ffb000,addr,<,0x7ffff7ffe000
huge,mmap,4294967296,addr,>,0x7ffff7ffb000,addr,<,0x7ffff7ffe000
eager,heap,1,addr,>,0x7fffffffa000,addr,<,0x7fffffffe000
eager,mmap,1,addr,>,0x7fffffffa000,addr,<,0x7fffffffe000
huge,heap,4294967296,addr,>,0x7fffffffa000,addr,<,0x7fffffffe000
huge,mmap,4294967296,addr,>,0x7fffffffa000,addr,<,0x7fffffffe000
