eager,heap,1,addr,>,0x400000,addr,<,0x406000
eager,mmap,1,addr,>,0x400000,addr,<,0x406000
huge,heap,4294967296,addr,>,0x400000,addr,<,0x406000
huge,mmap,4294967296,addr,>,0x400000,addr,<,0x406000
eager,heap,1,addr,>,0x606000,addr,<,0x607000
eager,mmap,1,addr,>,0x606000,addr,<,0x607000
huge,heap,4294967296,addr,>,0x606000,addr,<,0x607000
huge,mmap,4294967296,addr,>,0x606000,addr,<,0x607000
eager,heap,1,addr,>,0x7ffe18000000,addr,<,0x7ffe183ff000
eager,mmap,1,addr,>,0x7ffe18000000,addr,<,0x7ffe183ff000
huge,heap,4294967296,addr,>,0x7ffe18000000,addr,<,0x7ffe183ff000
huge,mmap,4294967296,addr,>,0x7ffe18000000,addr,<,0x7ffe183ff000
eager,heap,1,addr,>,0x7ffe18800000,addr,<,0x7ffe847ff000
eager,mmap,1,addr,>,0x7ffe18800000,addr,<,0x7ffe847ff000
huge,heap,4294967296,addr,>,0x7ffe18800000,addr,<,0x7ffe847ff000
huge,mmap,4294967296,addr,>,0x7ffe18800000,addr,<,0x7ffe847ff000
eager,heap,1,addr,>,0x7ffef8800000,addr,<,0x7fff75bff000
eager,mmap,1,addr,>,0x7ffef8800000,addr,<,0x7fff75bff000
huge,heap,4294967296,addr,>,0x7ffef8800000,addr,<,0x7fff75bff000
huge,mmap,4294967296,addr,>,0x7ffef8800000,addr,<,0x7fff75bff000
eager,heap,1,addr,>,0x7fffb8800000,addr,<,0x7fffb8bff000
eager,mmap,1,addr,>,0x7fffb8800000,addr,<,0x7fffb8bff000
huge,heap,4294967296,addr,>,0x7fffb8800000,addr,<,0x7fffb8bff000
huge,mmap,4294967296,addr,>,0x7fffb8800000,addr,<,0x7fffb8bff000
eager,heap,1,addr,>,0x7fffb8e00000,addr,<,0x7fffc6bff000
eager,mmap,1,addr,>,0x7fffb8e00000,addr,<,0x7fffc6bff000
huge,heap,4294967296,addr,>,0x7fffb8e00000,addr,<,0x7fffc6bff000
huge,mmap,4294967296,addr,>,0x7fffb8e00000,addr,<,0x7fffc6bff000
eager,heap,1,addr,>,0x7fffd0e01000,addr,<,0x7fffd0fff000
eager,mmap,1,addr,>,0x7fffd0e01000,addr,<,0x7fffd0fff000
huge,heap,4294967296,addr,>,0x7fffd0e01000,addr,<,0x7fffd0fff000
huge,mmap,4294967296,addr,>,0x7fffd0e01000,addr,<,0x7fffd0fff000
eager,heap,1,addr,>,0x7ffff0e01000,addr,<,0x7ffff0fff000
eager,mmap,1,addr,>,0x7ffff0e01000,addr,<,0x7ffff0fff000
huge,heap,4294967296,addr,>,0x7ffff0e01000,addr,<,0x7ffff0fff000
huge,mmap,4294967296,addr,>,0x7ffff0e01000,addr,<,0x7ffff0fff000
eager,heap,1,addr,>,0x7ffff4e00000,addr,<,0x7ffff4fff000
eager,mmap,1,addr,>,0x7ffff4e00000,addr,<,0x7ffff4fff000
huge,heap,4294967296,addr,>,0x7ffff4e00000,addr,<,0x7ffff4fff000
huge,mmap,4294967296,addr,>,0x7ffff4e00000,addr,<,0x7ffff4fff000
eager,heap,1,addr,>,0x7ffff5100000,addr,<,0x7ffff55ff000
eager,mmap,1,addr,>,0x7ffff5100000,addr,<,0x7ffff55ff000
huge,heap,4294967296,addr,>,0x7ffff5100000,addr,<,0x7ffff55ff000
huge,mmap,4294967296,addr,>,0x7ffff5100000,addr,<,0x7ffff55ff000
eager,heap,1,addr,>,0x7ffff5800000,addr,<,0x7ffff5fff000
eager,mmap,1,addr,>,0x7ffff5800000,addr,<,0x7ffff5fff000
huge,heap,4294967296,addr,>,0x7ffff5800000,addr,<,0x7ffff5fff000
huge,mmap,4294967296,addr,>,0x7ffff5800000,addr,<,0x7ffff5fff000
eager,heap,1,addr,>,0x7ffff6200000,addr,<,0x7ffff65ff000
eager,mmap,1,addr,>,0x7ffff6200000,addr,<,0x7ffff65ff000
huge,heap,4294967296,addr,>,0x7ffff6200000,addr,<,0x7ffff65ff000
huge,mmap,4294967296,addr,>,0x7ffff6200000,addr,<,0x7ffff65ff000
eager,heap,1,addr,>,0x7ffff670c000,addr,<,0x7ffff670f000
eager,mmap,1,addr,>,0x7ffff670c000,addr,<,0x7ffff670f000
huge,heap,4294967296,addr,>,0x7ffff670c000,addr,<,0x7ffff670f000
huge,mmap,4294967296,addr,>,0x7ffff670c000,addr,<,0x7ffff670f000
eager,heap,1,addr,>,0x7ffff6711000,addr,<,0x7ffff671b000
eager,mmap,1,addr,>,0x7ffff6711000,addr,<,0x7ffff671b000
huge,heap,4294967296,addr,>,0x7ffff6711000,addr,<,0x7ffff671b000
huge,mmap,4294967296,addr,>,0x7ffff6711000,addr,<,0x7ffff671b000
eager,heap,1,addr,>,0x7ffff6920000,addr,<,0x7ffff6923000
eager,mmap,1,addr,>,0x7ffff6920000,addr,<,0x7ffff6923000
huge,heap,4294967296,addr,>,0x7ffff6920000,addr,<,0x7ffff6923000
huge,mmap,4294967296,addr,>,0x7ffff6920000,addr,<,0x7ffff6923000
eager,heap,1,addr,>,0x7ffff6b24000,addr,<,0x7ffff6b8f000
eager,mmap,1,addr,>,0x7ffff6b24000,addr,<,0x7ffff6b8f000
huge,heap,4294967296,addr,>,0x7ffff6b24000,addr,<,0x7ffff6b8f000
huge,mmap,4294967296,addr,>,0x7ffff6b24000,addr,<,0x7ffff6b8f000
eager,heap,1,addr,>,0x7ffff6bd0000,addr,<,0x7ffff6be1000
eager,mmap,1,addr,>,0x7ffff6bd0000,addr,<,0x7ffff6be1000
huge,heap,4294967296,addr,>,0x7ffff6bd0000,addr,<,0x7ffff6be1000
huge,mmap,4294967296,addr,>,0x7ffff6bd0000,addr,<,0x7ffff6be1000
eager,heap,1,addr,>,0x7ffff6be3000,addr,<,0x7ffff6bef000
eager,mmap,1,addr,>,0x7ffff6be3000,addr,<,0x7ffff6bef000
huge,heap,4294967296,addr,>,0x7ffff6be3000,addr,<,0x7ffff6bef000
huge,mmap,4294967296,addr,>,0x7ffff6be3000,addr,<,0x7ffff6bef000
eager,heap,1,addr,>,0x7ffff6e0f000,addr,<,0x7ffff6e18000
eager,mmap,1,addr,>,0x7ffff6e0f000,addr,<,0x7ffff6e18000
huge,heap,4294967296,addr,>,0x7ffff6e0f000,addr,<,0x7ffff6e18000
huge,mmap,4294967296,addr,>,0x7ffff6e0f000,addr,<,0x7ffff6e18000
eager,heap,1,addr,>,0x7ffff6e2a000,addr,<,0x7ffff702a000
eager,mmap,1,addr,>,0x7ffff6e2a000,addr,<,0x7ffff702a000
huge,heap,4294967296,addr,>,0x7ffff6e2a000,addr,<,0x7ffff702a000
huge,mmap,4294967296,addr,>,0x7ffff6e2a000,addr,<,0x7ffff702a000
eager,heap,1,addr,>,0x7ffff6e2c000,addr,<,0x7ffff6eff000
eager,mmap,1,addr,>,0x7ffff6e2c000,addr,<,0x7ffff6eff000
huge,heap,4294967296,addr,>,0x7ffff6e2c000,addr,<,0x7ffff6eff000
huge,mmap,4294967296,addr,>,0x7ffff6e2c000,addr,<,0x7ffff6eff000
eager,heap,1,addr,>,0x7ffff6f10000,addr,<,0x7ffff6f4f000
eager,mmap,1,addr,>,0x7ffff6f10000,addr,<,0x7ffff6f4f000
huge,heap,4294967296,addr,>,0x7ffff6f10000,addr,<,0x7ffff6f4f000
huge,mmap,4294967296,addr,>,0x7ffff6f10000,addr,<,0x7ffff6f4f000
eager,heap,1,addr,>,0x7ffff6f60000,addr,<,0x7ffff6f6f000
eager,mmap,1,addr,>,0x7ffff6f60000,addr,<,0x7ffff6f6f000
huge,heap,4294967296,addr,>,0x7ffff6f60000,addr,<,0x7ffff6f6f000
huge,mmap,4294967296,addr,>,0x7ffff6f60000,addr,<,0x7ffff6f6f000
eager,heap,1,addr,>,0x7ffff6f80000,addr,<,0x7ffff6f8f000
eager,mmap,1,addr,>,0x7ffff6f80000,addr,<,0x7ffff6f8f000
huge,heap,4294967296,addr,>,0x7ffff6f80000,addr,<,0x7ffff6f8f000
huge,mmap,4294967296,addr,>,0x7ffff6f80000,addr,<,0x7ffff6f8f000
eager,heap,1,addr,>,0x7ffff6fa0000,addr,<,0x7ffff6fbd000
eager,mmap,1,addr,>,0x7ffff6fa0000,addr,<,0x7ffff6fbd000
huge,heap,4294967296,addr,>,0x7ffff6fa0000,addr,<,0x7ffff6fbd000
huge,mmap,4294967296,addr,>,0x7ffff6fa0000,addr,<,0x7ffff6fbd000
eager,heap,1,addr,>,0x7ffff6fbf000,addr,<,0x7ffff71bf000
eager,mmap,1,addr,>,0x7ffff6fbf000,addr,<,0x7ffff71bf000
huge,heap,4294967296,addr,>,0x7ffff6fbf000,addr,<,0x7ffff71bf000
huge,mmap,4294967296,addr,>,0x7ffff6fbf000,addr,<,0x7ffff71bf000
eager,heap,1,addr,>,0x7ffff71f1000,addr,<,0x7ffff71f8000
eager,mmap,1,addr,>,0x7ffff71f1000,addr,<,0x7ffff71f8000
huge,heap,4294967296,addr,>,0x7ffff71f1000,addr,<,0x7ffff71f8000
huge,mmap,4294967296,addr,>,0x7ffff71f1000,addr,<,0x7ffff71f8000
eager,heap,1,addr,>,0x7ffff71fa000,addr,<,0x7ffff73fa000
eager,mmap,1,addr,>,0x7ffff71fa000,addr,<,0x7ffff73fa000
huge,heap,4294967296,addr,>,0x7ffff71fa000,addr,<,0x7ffff73fa000
huge,mmap,4294967296,addr,>,0x7ffff71fa000,addr,<,0x7ffff73fa000
eager,heap,1,addr,>,0x7ffff71fc000,addr,<,0x7ffff720f000
eager,mmap,1,addr,>,0x7ffff71fc000,addr,<,0x7ffff720f000
huge,heap,4294967296,addr,>,0x7ffff71fc000,addr,<,0x7ffff720f000
huge,mmap,4294967296,addr,>,0x7ffff71fc000,addr,<,0x7ffff720f000
eager,heap,1,addr,>,0x7ffff7412000,addr,<,0x7ffff7413000
eager,mmap,1,addr,>,0x7ffff7412000,addr,<,0x7ffff7413000
huge,heap,4294967296,addr,>,0x7ffff7412000,addr,<,0x7ffff7413000
huge,mmap,4294967296,addr,>,0x7ffff7412000,addr,<,0x7ffff7413000
eager,heap,1,addr,>,0x7ffff7417000,addr,<,0x7ffff7427000
eager,mmap,1,addr,>,0x7ffff7417000,addr,<,0x7ffff7427000
huge,heap,4294967296,addr,>,0x7ffff7417000,addr,<,0x7ffff7427000
huge,mmap,4294967296,addr,>,0x7ffff7417000,addr,<,0x7ffff7427000
eager,heap,1,addr,>,0x7ffff7430000,addr,<,0x7ffff743c000
eager,mmap,1,addr,>,0x7ffff7430000,addr,<,0x7ffff743c000
huge,heap,4294967296,addr,>,0x7ffff7430000,addr,<,0x7ffff743c000
huge,mmap,4294967296,addr,>,0x7ffff7430000,addr,<,0x7ffff743c000
eager,heap,1,addr,>,0x7ffff763c000,addr,<,0x7ffff7655000
eager,mmap,1,addr,>,0x7ffff763c000,addr,<,0x7ffff7655000
huge,heap,4294967296,addr,>,0x7ffff763c000,addr,<,0x7ffff7655000
huge,mmap,4294967296,addr,>,0x7ffff763c000,addr,<,0x7ffff7655000
eager,heap,1,addr,>,0x7ffff7657000,addr,<,0x7ffff765d000
eager,mmap,1,addr,>,0x7ffff7657000,addr,<,0x7ffff765d000
huge,heap,4294967296,addr,>,0x7ffff7657000,addr,<,0x7ffff765d000
huge,mmap,4294967296,addr,>,0x7ffff7657000,addr,<,0x7ffff765d000
eager,heap,1,addr,>,0x7ffff765f000,addr,<,0x7ffff766f000
eager,mmap,1,addr,>,0x7ffff765f000,addr,<,0x7ffff766f000
huge,heap,4294967296,addr,>,0x7ffff765f000,addr,<,0x7ffff766f000
huge,mmap,4294967296,addr,>,0x7ffff765f000,addr,<,0x7ffff766f000
eager,heap,1,addr,>,0x7ffff793e000,addr,<,0x7ffff795f000
eager,mmap,1,addr,>,0x7ffff793e000,addr,<,0x7ffff795f000
huge,heap,4294967296,addr,>,0x7ffff793e000,addr,<,0x7ffff795f000
huge,mmap,4294967296,addr,>,0x7ffff793e000,addr,<,0x7ffff795f000
eager,heap,1,addr,>,0x7ffff7980000,addr,<,0x7ffff799b000
eager,mmap,1,addr,>,0x7ffff7980000,addr,<,0x7ffff799b000
huge,heap,4294967296,addr,>,0x7ffff7980000,addr,<,0x7ffff799b000
huge,mmap,4294967296,addr,>,0x7ffff7980000,addr,<,0x7ffff799b000
eager,heap,1,addr,>,0x7ffff799d000,addr,<,0x7ffff79bf000
eager,mmap,1,addr,>,0x7ffff799d000,addr,<,0x7ffff79bf000
huge,heap,4294967296,addr,>,0x7ffff799d000,addr,<,0x7ffff79bf000
huge,mmap,4294967296,addr,>,0x7ffff799d000,addr,<,0x7ffff79bf000
eager,heap,1,addr,>,0x7ffff7bc3000,addr,<,0x7ffff7bc8000
eager,mmap,1,addr,>,0x7ffff7bc3000,addr,<,0x7ffff7bc8000
huge,heap,4294967296,addr,>,0x7ffff7bc3000,addr,<,0x7ffff7bc8000
huge,mmap,4294967296,addr,>,0x7ffff7bc3000,addr,<,0x7ffff7bc8000
eager,heap,1,addr,>,0x7ffff7bd0000,addr,<,0x7ffff7bd8000
eager,mmap,1,addr,>,0x7ffff7bd0000,addr,<,0x7ffff7bd8000
huge,heap,4294967296,addr,>,0x7ffff7bd0000,addr,<,0x7ffff7bd8000
huge,mmap,4294967296,addr,>,0x7ffff7bd0000,addr,<,0x7ffff7bd8000
eager,heap,1,addr,>,0x7ffff7cd8000,addr,<,0x7ffff7ed8000
eager,mmap,1,addr,>,0x7ffff7cd8000,addr,<,0x7ffff7ed8000
huge,heap,4294967296,addr,>,0x7ffff7cd8000,addr,<,0x7ffff7ed8000
huge,mmap,4294967296,addr,>,0x7ffff7cd8000,addr,<,0x7ffff7ed8000
eager,heap,1,addr,>,0x7ffff7dd8000,addr,<,0x7ffff7dfc000
eager,mmap,1,addr,>,0x7ffff7dd8000,addr,<,0x7ffff7dfc000
huge,heap,4294967296,addr,>,0x7ffff7dd8000,addr,<,0x7ffff7dfc000
huge,mmap,4294967296,addr,>,0x7ffff7dd8000,addr,<,0x7ffff7dfc000
eager,heap,1,addr,>,0x7ffff7fdd000,addr,<,0x7ffff7fe5000
eager,mmap,1,addr,>,0x7ffff7fdd000,addr,<,0x7ffff7fe5000
huge,heap,4294967296,addr,>,0x7ffff7fdd000,addr,<,0x7ffff7fe5000
huge,mmap,4294967296,addr,>,0x7ffff7fdd000,addr,<,0x7ffff7fe5000
eager,heap,1,addr,>,0x7ffff7ff6000,addr,<,0x7ffff7ff7000
eager,mmap,1,addr,>,0x7ffff7ff6000,addr,<,0x7ffff7ff7000
huge,heap,4294967296,addr,>,0x7ffff7ff6000,addr,<,0x7ffff7ff7000
huge,mmap,4294967296,addr,>,0x7ffff7ff6000,addr,<,0x7ffff7ff7000
eager,heap,1,addr,>,0x7ffff7ffb000,addr,<,0x7ffff7ffe000
eager,mmap,1,addr,>,0x7ffff7ffb000,addr,<,0x7ffff7ffe000
huge,heap,4294967296,addr,>,0x7ffff7ffb000,addr,<,0x7ffff7ffe000
huge,mmap,4294967296,addr,>,0x7ffff7ffb000,addr,<,0x7ffff7ffe000
eager,heap,1,addr,>,0x7fffffff5000,addr,<,0x7fffffffe000
eager,mmap,1,addr,>,0x7fffffff5000,addr,<,0x7fffffffe000
huge,heap,4294967296,addr,>,0x7fffffff5000,addr,<,0x7fffffffe000
huge,mmap,4294967296,addr,>,0x7fffffff5000,addr,<,0x7fffffffe000
