huge,heap,114413939,addr,>,0x0,addr,<,0x7ffe1cc00000
huge,mmap,114413939,addr,>,0x0,addr,<,0x7ffe1cc00000
huge,heap,125249821,addr,>,0x7ffe1cc00000,addr,<,0x7ffe21800000
huge,mmap,125249821,addr,>,0x7ffe1cc00000,addr,<,0x7ffe21800000
huge,heap,113586494,addr,>,0x7ffe21800000,addr,<,0x7ffe26400000
huge,mmap,113586494,addr,>,0x7ffe21800000,addr,<,0x7ffe26400000
huge,heap,98955509,addr,>,0x7ffe26400000,addr,<,0x7ffe2b000000
huge,mmap,98955509,addr,>,0x7ffe26400000,addr,<,0x7ffe2b000000
huge,heap,105166793,addr,>,0x7ffe2b000000,addr,<,0x7ffe2fc00000
huge,mmap,105166793,addr,>,0x7ffe2b000000,addr,<,0x7ffe2fc00000
huge,heap,97201504,addr,>,0x7ffe2fc00000,addr,<,0x7ffe34800000
huge,mmap,97201504,addr,>,0x7ffe2fc00000,addr,<,0x7ffe34800000
huge,heap,97445846,addr,>,0x7ffe34800000,addr,<,0x7ffe39400000
huge,mmap,97445846,addr,>,0x7ffe34800000,addr,<,0x7ffe39400000
huge,heap,109955104,addr,>,0x7ffe39400000,addr,<,0x7ffe3e000000
huge,mmap,109955104,addr,>,0x7ffe39400000,addr,<,0x7ffe3e000000
huge,heap,104653065,addr,>,0x7ffe3e000000,addr,<,0x7ffe42c00000
huge,mmap,104653065,addr,>,0x7ffe3e000000,addr,<,0x7ffe42c00000
huge,heap,111555167,addr,>,0x7ffe42c00000,addr,<,0x7ffe47800000
huge,mmap,111555167,addr,>,0x7ffe42c00000,addr,<,0x7ffe47800000
huge,heap,95091393,addr,>,0x7ffe47800000,addr,<,0x7ffe4c400000
huge,mmap,95091393,addr,>,0x7ffe47800000,addr,<,0x7ffe4c400000
huge,heap,97264680,addr,>,0x7ffe4c400000,addr,<,0x7ffe51000000
huge,mmap,97264680,addr,>,0x7ffe4c400000,addr,<,0x7ffe51000000
huge,heap,107188684,addr,>,0x7ffe51000000,addr,<,0x7ffe55c00000
huge,mmap,107188684,addr,>,0x7ffe51000000,addr,<,0x7ffe55c00000
huge,heap,83335425,addr,>,0x7ffe55c00000,addr,<,0x7ffe5a800000
huge,mmap,83335425,addr,>,0x7ffe55c00000,addr,<,0x7ffe5a800000
huge,heap,85310373,addr,>,0x7ffe5a800000,addr,<,0x7ffe5f400000
huge,mmap,85310373,addr,>,0x7ffe5a800000,addr,<,0x7ffe5f400000
huge,heap,80315477,addr,>,0x7ffe5f400000,addr,<,0x7ffe64000000
huge,mmap,80315477,addr,>,0x7ffe5f400000,addr,<,0x7ffe64000000
huge,heap,66506115,addr,>,0x7ffe64000000,addr,<,0x7ffe68c00000
huge,mmap,66506115,addr,>,0x7ffe64000000,addr,<,0x7ffe68c00000
huge,heap,74102276,addr,>,0x7ffe68c00000,addr,<,0x7ffe6d800000
huge,mmap,74102276,addr,>,0x7ffe68c00000,addr,<,0x7ffe6d800000
huge,heap,76472412,addr,>,0x7ffe6d800000,addr,<,0x7ffe72400000
huge,mmap,76472412,addr,>,0x7ffe6d800000,addr,<,0x7ffe72400000
huge,heap,84830415,addr,>,0x7ffe72400000,addr,<,0x7ffe77000000
huge,mmap,84830415,addr,>,0x7ffe72400000,addr,<,0x7ffe77000000
huge,heap,72416846,addr,>,0x7ffe77000000,addr,<,0x7ffe7bc00000
huge,mmap,72416846,addr,>,0x7ffe77000000,addr,<,0x7ffe7bc00000
huge,heap,72350830,addr,>,0x7ffe7bc00000,addr,<,0x7ffe80800000
huge,mmap,72350830,addr,>,0x7ffe7bc00000,addr,<,0x7ffe80800000
huge,heap,66499632,addr,>,0x7ffe80800000,addr,<,0x7ffe85400000
huge,mmap,66499632,addr,>,0x7ffe80800000,addr,<,0x7ffe85400000
huge,heap,4201020,addr,>,0x7ffe8ec00000,addr,<,0x7ffe93800000
huge,mmap,4201020,addr,>,0x7ffe8ec00000,addr,<,0x7ffe93800000
huge,heap,638841,addr,>,0x7ffe9d000000,addr,<,0x7ffea1c00000
huge,mmap,638841,addr,>,0x7ffe9d000000,addr,<,0x7ffea1c00000
huge,heap,2071113,addr,>,0x7ffeab400000,addr,<,0x7ffeb0000000
huge,mmap,2071113,addr,>,0x7ffeab400000,addr,<,0x7ffeb0000000
huge,heap,669002,addr,>,0x7ffeb0000000,addr,<,0x7ffeb4c00000
huge,mmap,669002,addr,>,0x7ffeb0000000,addr,<,0x7ffeb4c00000
huge,heap,4824656,addr,>,0x7ffebe400000,addr,<,0x7ffec3000000
huge,mmap,4824656,addr,>,0x7ffebe400000,addr,<,0x7ffec3000000
huge,heap,955238,addr,>,0x7ffec7c00000,addr,<,0x7ffecc800000
huge,mmap,955238,addr,>,0x7ffec7c00000,addr,<,0x7ffecc800000
huge,heap,3687181,addr,>,0x7ffed1400000,addr,<,0x7ffed6000000
huge,mmap,3687181,addr,>,0x7ffed1400000,addr,<,0x7ffed6000000
huge,heap,3435965,addr,>,0x7ffee4400000,addr,<,0x7ffee9000000
huge,mmap,3435965,addr,>,0x7ffee4400000,addr,<,0x7ffee9000000
huge,heap,5728489,addr,>,0x7ffef2800000,addr,<,0x7ffef7400000
huge,mmap,5728489,addr,>,0x7ffef2800000,addr,<,0x7ffef7400000
huge,heap,507957537,addr,>,0x7ffef7400000,addr,<,0x7ffefc000000
huge,mmap,507957537,addr,>,0x7ffef7400000,addr,<,0x7ffefc000000
huge,heap,71062200,addr,>,0x7ffefc000000,addr,<,0x7fff00c00000
huge,mmap,71062200,addr,>,0x7ffefc000000,addr,<,0x7fff00c00000
huge,heap,71825780,addr,>,0x7fff00c00000,addr,<,0x7fff05800000
huge,mmap,71825780,addr,>,0x7fff00c00000,addr,<,0x7fff05800000
huge,heap,73386548,addr,>,0x7fff05800000,addr,<,0x7fff0a400000
huge,mmap,73386548,addr,>,0x7fff05800000,addr,<,0x7fff0a400000
huge,heap,61554302,addr,>,0x7fff0a400000,addr,<,0x7fff0f000000
huge,mmap,61554302,addr,>,0x7fff0a400000,addr,<,0x7fff0f000000
huge,heap,71777927,addr,>,0x7fff0f000000,addr,<,0x7fff13c00000
huge,mmap,71777927,addr,>,0x7fff0f000000,addr,<,0x7fff13c00000
huge,heap,75782228,addr,>,0x7fff13c00000,addr,<,0x7fff18800000
huge,mmap,75782228,addr,>,0x7fff13c00000,addr,<,0x7fff18800000
huge,heap,81775493,addr,>,0x7fff18800000,addr,<,0x7fff1d400000
huge,mmap,81775493,addr,>,0x7fff18800000,addr,<,0x7fff1d400000
huge,heap,87390488,addr,>,0x7fff1d400000,addr,<,0x7fff22000000
huge,mmap,87390488,addr,>,0x7fff1d400000,addr,<,0x7fff22000000
huge,heap,69500476,addr,>,0x7fff22000000,addr,<,0x7fff26c00000
huge,mmap,69500476,addr,>,0x7fff22000000,addr,<,0x7fff26c00000
huge,heap,77780635,addr,>,0x7fff26c00000,addr,<,0x7fff2b800000
huge,mmap,77780635,addr,>,0x7fff26c00000,addr,<,0x7fff2b800000
huge,heap,76366015,addr,>,0x7fff2b800000,addr,<,0x7fff30400000
huge,mmap,76366015,addr,>,0x7fff2b800000,addr,<,0x7fff30400000
huge,heap,63994039,addr,>,0x7fff30400000,addr,<,0x7fff35000000
huge,mmap,63994039,addr,>,0x7fff30400000,addr,<,0x7fff35000000
huge,heap,75008623,addr,>,0x7fff35000000,addr,<,0x7fff39c00000
huge,mmap,75008623,addr,>,0x7fff35000000,addr,<,0x7fff39c00000
huge,heap,65614833,addr,>,0x7fff39c00000,addr,<,0x7fff3e800000
huge,mmap,65614833,addr,>,0x7fff39c00000,addr,<,0x7fff3e800000
huge,heap,65143170,addr,>,0x7fff3e800000,addr,<,0x7fff43400000
huge,mmap,65143170,addr,>,0x7fff3e800000,addr,<,0x7fff43400000
huge,heap,63170059,addr,>,0x7fff43400000,addr,<,0x7fff48000000
huge,mmap,63170059,addr,>,0x7fff43400000,addr,<,0x7fff48000000
huge,heap,64732481,addr,>,0x7fff48000000,addr,<,0x7fff4cc00000
huge,mmap,64732481,addr,>,0x7fff48000000,addr,<,0x7fff4cc00000
huge,heap,63260393,addr,>,0x7fff4cc00000,addr,<,0x7fff51800000
huge,mmap,63260393,addr,>,0x7fff4cc00000,addr,<,0x7fff51800000
huge,heap,60739797,addr,>,0x7fff51800000,addr,<,0x7fff56400000
huge,mmap,60739797,addr,>,0x7fff51800000,addr,<,0x7fff56400000
huge,heap,62457721,addr,>,0x7fff56400000,addr,<,0x7fff5b000000
huge,mmap,62457721,addr,>,0x7fff56400000,addr,<,0x7fff5b000000
huge,heap,71048834,addr,>,0x7fff5b000000,addr,<,0x7fff5fc00000
huge,mmap,71048834,addr,>,0x7fff5b000000,addr,<,0x7fff5fc00000
huge,heap,46680662,addr,>,0x7fff5fc00000,addr,<,0x7fff64800000
huge,mmap,46680662,addr,>,0x7fff5fc00000,addr,<,0x7fff64800000
huge,heap,52930774,addr,>,0x7fff64800000,addr,<,0x7fff69400000
huge,mmap,52930774,addr,>,0x7fff64800000,addr,<,0x7fff69400000
huge,heap,45324248,addr,>,0x7fff69400000,addr,<,0x7fff6e000000
huge,mmap,45324248,addr,>,0x7fff69400000,addr,<,0x7fff6e000000
huge,heap,51981099,addr,>,0x7fff6e000000,addr,<,0x7fff72c00000
huge,mmap,51981099,addr,>,0x7fff6e000000,addr,<,0x7fff72c00000
huge,heap,22944800,addr,>,0x7fff72c00000,addr,<,0x7fff77800000
huge,mmap,22944800,addr,>,0x7fff72c00000,addr,<,0x7fff77800000
huge,heap,8509351,addr,>,0x7fff7c400000,addr,<,0x7fff81000000
huge,mmap,8509351,addr,>,0x7fff7c400000,addr,<,0x7fff81000000
huge,heap,11981160,addr,>,0x7fff94000000,addr,<,0x7fff98c00000
huge,mmap,11981160,addr,>,0x7fff94000000,addr,<,0x7fff98c00000
huge,heap,594773,addr,>,0x7fffa2400000,addr,<,0x7fffa7000000
huge,mmap,594773,addr,>,0x7fffa2400000,addr,<,0x7fffa7000000
huge,heap,17710846,addr,>,0x7fffabc00000,addr,<,0x7fffb0800000
huge,mmap,17710846,addr,>,0x7fffabc00000,addr,<,0x7fffb0800000
huge,heap,8719184,addr,>,0x7fffb0800000,addr,<,0x7fffb5400000
huge,mmap,8719184,addr,>,0x7fffb0800000,addr,<,0x7fffb5400000
huge,heap,64130524,addr,>,0x7fffb5400000,addr,<,0x7fffba000000
huge,mmap,64130524,addr,>,0x7fffb5400000,addr,<,0x7fffba000000
huge,heap,14954610,addr,>,0x7fffba000000,addr,<,0x7fffbec00000
huge,mmap,14954610,addr,>,0x7fffba000000,addr,<,0x7fffbec00000
huge,heap,15709541,addr,>,0x7fffbec00000,addr,<,0x7fffc3800000
huge,mmap,15709541,addr,>,0x7fffbec00000,addr,<,0x7fffc3800000
huge,heap,3157899,addr,>,0x7fffcd000000,addr,<,0x7fffd1c00000
huge,mmap,3157899,addr,>,0x7fffcd000000,addr,<,0x7fffd1c00000
huge,heap,5092850,addr,>,0x7fffd1c00000,addr,<,0x7fffd6800000
huge,mmap,5092850,addr,>,0x7fffd1c00000,addr,<,0x7fffd6800000
huge,heap,2975363,addr,>,0x7fffe0000000,addr,<,0x7fffe4c00000
huge,mmap,2975363,addr,>,0x7fffe0000000,addr,<,0x7fffe4c00000
huge,heap,5238822,addr,>,0x7fffe4c00000,addr,<,0x7fffe9800000
huge,mmap,5238822,addr,>,0x7fffe4c00000,addr,<,0x7fffe9800000
eager,heap,1,addr,>,0x400000,addr,<,0x406000
eager,mmap,1,addr,>,0x400000,addr,<,0x406000
eager,heap,1,addr,>,0x606000,addr,<,0x607000
eager,mmap,1,addr,>,0x606000,addr,<,0x607000
eager,heap,1,addr,>,0x7ffe18000000,addr,<,0x7ffe183ff000
eager,mmap,1,addr,>,0x7ffe18000000,addr,<,0x7ffe183ff000
eager,heap,1,addr,>,0x7ffe18800000,addr,<,0x7ffe847ff000
eager,mmap,1,addr,>,0x7ffe18800000,addr,<,0x7ffe847ff000
eager,heap,1,addr,>,0x7ffef8800000,addr,<,0x7fff75bff000
eager,mmap,1,addr,>,0x7ffef8800000,addr,<,0x7fff75bff000
eager,heap,1,addr,>,0x7fffb8800000,addr,<,0x7fffb8bff000
eager,mmap,1,addr,>,0x7fffb8800000,addr,<,0x7fffb8bff000
eager,heap,1,addr,>,0x7fffb8e00000,addr,<,0x7fffc6bff000
eager,mmap,1,addr,>,0x7fffb8e00000,addr,<,0x7fffc6bff000
eager,heap,1,addr,>,0x7fffd0e01000,addr,<,0x7fffd0fff000
eager,mmap,1,addr,>,0x7fffd0e01000,addr,<,0x7fffd0fff000
eager,heap,1,addr,>,0x7ffff0e01000,addr,<,0x7ffff0fff000
eager,mmap,1,addr,>,0x7ffff0e01000,addr,<,0x7ffff0fff000
eager,heap,1,addr,>,0x7ffff4e00000,addr,<,0x7ffff4fff000
eager,mmap,1,addr,>,0x7ffff4e00000,addr,<,0x7ffff4fff000
eager,heap,1,addr,>,0x7ffff5100000,addr,<,0x7ffff55ff000
eager,mmap,1,addr,>,0x7ffff5100000,addr,<,0x7ffff55ff000
eager,heap,1,addr,>,0x7ffff5800000,addr,<,0x7ffff5fff000
eager,mmap,1,addr,>,0x7ffff5800000,addr,<,0x7ffff5fff000
eager,heap,1,addr,>,0x7ffff6200000,addr,<,0x7ffff65ff000
eager,mmap,1,addr,>,0x7ffff6200000,addr,<,0x7ffff65ff000
eager,heap,1,addr,>,0x7ffff670c000,addr,<,0x7ffff670f000
eager,mmap,1,addr,>,0x7ffff670c000,addr,<,0x7ffff670f000
eager,heap,1,addr,>,0x7ffff6711000,addr,<,0x7ffff671b000
eager,mmap,1,addr,>,0x7ffff6711000,addr,<,0x7ffff671b000
eager,heap,1,addr,>,0x7ffff6920000,addr,<,0x7ffff6923000
eager,mmap,1,addr,>,0x7ffff6920000,addr,<,0x7ffff6923000
eager,heap,1,addr,>,0x7ffff6b24000,addr,<,0x7ffff6b8f000
eager,mmap,1,addr,>,0x7ffff6b24000,addr,<,0x7ffff6b8f000
eager,heap,1,addr,>,0x7ffff6bd0000,addr,<,0x7ffff6be1000
eager,mmap,1,addr,>,0x7ffff6bd0000,addr,<,0x7ffff6be1000
eager,heap,1,addr,>,0x7ffff6be3000,addr,<,0x7ffff6bef000
eager,mmap,1,addr,>,0x7ffff6be3000,addr,<,0x7ffff6bef000
eager,heap,1,addr,>,0x7ffff6e0f000,addr,<,0x7ffff6e18000
eager,mmap,1,addr,>,0x7ffff6e0f000,addr,<,0x7ffff6e18000
eager,heap,1,addr,>,0x7ffff6e2a000,addr,<,0x7ffff702a000
eager,mmap,1,addr,>,0x7ffff6e2a000,addr,<,0x7ffff702a000
eager,heap,1,addr,>,0x7ffff6e2c000,addr,<,0x7ffff6eff000
eager,mmap,1,addr,>,0x7ffff6e2c000,addr,<,0x7ffff6eff000
eager,heap,1,addr,>,0x7ffff6f10000,addr,<,0x7ffff6f4f000
eager,mmap,1,addr,>,0x7ffff6f10000,addr,<,0x7ffff6f4f000
eager,heap,1,addr,>,0x7ffff6f60000,addr,<,0x7ffff6f6f000
eager,mmap,1,addr,>,0x7ffff6f60000,addr,<,0x7ffff6f6f000
eager,heap,1,addr,>,0x7ffff6f80000,addr,<,0x7ffff6f8f000
eager,mmap,1,addr,>,0x7ffff6f80000,addr,<,0x7ffff6f8f000
eager,heap,1,addr,>,0x7ffff6fa0000,addr,<,0x7ffff6fbd000
eager,mmap,1,addr,>,0x7ffff6fa0000,addr,<,0x7ffff6fbd000
eager,heap,1,addr,>,0x7ffff6fbf000,addr,<,0x7ffff71bf000
eager,mmap,1,addr,>,0x7ffff6fbf000,addr,<,0x7ffff71bf000
eager,heap,1,addr,>,0x7ffff71f1000,addr,<,0x7ffff71f8000
eager,mmap,1,addr,>,0x7ffff71f1000,addr,<,0x7ffff71f8000
eager,heap,1,addr,>,0x7ffff71fa000,addr,<,0x7ffff73fa000
eager,mmap,1,addr,>,0x7ffff71fa000,addr,<,0x7ffff73fa000
eager,heap,1,addr,>,0x7ffff71fc000,addr,<,0x7ffff720f000
eager,mmap,1,addr,>,0x7ffff71fc000,addr,<,0x7ffff720f000
eager,heap,1,addr,>,0x7ffff7412000,addr,<,0x7ffff7413000
eager,mmap,1,addr,>,0x7ffff7412000,addr,<,0x7ffff7413000
eager,heap,1,addr,>,0x7ffff7417000,addr,<,0x7ffff7427000
eager,mmap,1,addr,>,0x7ffff7417000,addr,<,0x7ffff7427000
eager,heap,1,addr,>,0x7ffff7430000,addr,<,0x7ffff743c000
eager,mmap,1,addr,>,0x7ffff7430000,addr,<,0x7ffff743c000
eager,heap,1,addr,>,0x7ffff763c000,addr,<,0x7ffff7655000
eager,mmap,1,addr,>,0x7ffff763c000,addr,<,0x7ffff7655000
eager,heap,1,addr,>,0x7ffff7657000,addr,<,0x7ffff765d000
eager,mmap,1,addr,>,0x7ffff7657000,addr,<,0x7ffff765d000
eager,heap,1,addr,>,0x7ffff765f000,addr,<,0x7ffff766f000
eager,mmap,1,addr,>,0x7ffff765f000,addr,<,0x7ffff766f000
eager,heap,1,addr,>,0x7ffff793e000,addr,<,0x7ffff795f000
eager,mmap,1,addr,>,0x7ffff793e000,addr,<,0x7ffff795f000
eager,heap,1,addr,>,0x7ffff7980000,addr,<,0x7ffff799b000
eager,mmap,1,addr,>,0x7ffff7980000,addr,<,0x7ffff799b000
eager,heap,1,addr,>,0x7ffff799d000,addr,<,0x7ffff79bf000
eager,mmap,1,addr,>,0x7ffff799d000,addr,<,0x7ffff79bf000
eager,heap,1,addr,>,0x7ffff7bc3000,addr,<,0x7ffff7bc8000
eager,mmap,1,addr,>,0x7ffff7bc3000,addr,<,0x7ffff7bc8000
eager,heap,1,addr,>,0x7ffff7bd0000,addr,<,0x7ffff7bd8000
eager,mmap,1,addr,>,0x7ffff7bd0000,addr,<,0x7ffff7bd8000
eager,heap,1,addr,>,0x7ffff7cd8000,addr,<,0x7ffff7ed8000
eager,mmap,1,addr,>,0x7ffff7cd8000,addr,<,0x7ffff7ed8000
eager,heap,1,addr,>,0x7ffff7dd8000,addr,<,0x7ffff7dfc000
eager,mmap,1,addr,>,0x7ffff7dd8000,addr,<,0x7ffff7dfc000
eager,heap,1,addr,>,0x7ffff7fdd000,addr,<,0x7ffff7fe5000
eager,mmap,1,addr,>,0x7ffff7fdd000,addr,<,0x7ffff7fe5000
eager,heap,1,addr,>,0x7ffff7ff6000,addr,<,0x7ffff7ff7000
eager,mmap,1,addr,>,0x7ffff7ff6000,addr,<,0x7ffff7ff7000
eager,heap,1,addr,>,0x7ffff7ffb000,addr,<,0x7ffff7ffe000
eager,mmap,1,addr,>,0x7ffff7ffb000,addr,<,0x7ffff7ffe000
eager,heap,1,addr,>,0x7fffffff5000,addr,<,0x7fffffffe000
eager,mmap,1,addr,>,0x7fffffff5000,addr,<,0x7fffffffe000
