huge,heap,243632025,addr,>,0x0,addr,<,0x7fcc76400000
huge,mmap,243632025,addr,>,0x0,addr,<,0x7fcc76400000
huge,heap,229284,addr,>,0x7fcd83400000,addr,<,0x7fce09c00000
huge,mmap,229284,addr,>,0x7fcd83400000,addr,<,0x7fce09c00000
huge,heap,245562,addr,>,0x7fcf16c00000,addr,<,0x7fcf9d400000
huge,mmap,245562,addr,>,0x7fcf16c00000,addr,<,0x7fcf9d400000
huge,heap,1159323,addr,>,0x7fd0aa400000,addr,<,0x7fd130c00000
huge,mmap,1159323,addr,>,0x7fd0aa400000,addr,<,0x7fd130c00000
huge,heap,1443245,addr,>,0x7fd130c00000,addr,<,0x7fd1b7400000
huge,mmap,1443245,addr,>,0x7fd130c00000,addr,<,0x7fd1b7400000
huge,heap,848393,addr,>,0x7fd1b7400000,addr,<,0x7fd23dc00000
huge,mmap,848393,addr,>,0x7fd1b7400000,addr,<,0x7fd23dc00000
huge,heap,605553,addr,>,0x7fd23dc00000,addr,<,0x7fd2c4400000
huge,mmap,605553,addr,>,0x7fd23dc00000,addr,<,0x7fd2c4400000
huge,heap,76733,addr,>,0x7fd564c00000,addr,<,0x7fd5eb400000
huge,mmap,76733,addr,>,0x7fd564c00000,addr,<,0x7fd5eb400000
huge,heap,461563,addr,>,0x7fd805400000,addr,<,0x7fd88bc00000
huge,mmap,461563,addr,>,0x7fd805400000,addr,<,0x7fd88bc00000
huge,heap,389419,addr,>,0x7fd88bc00000,addr,<,0x7fd912400000
huge,mmap,389419,addr,>,0x7fd88bc00000,addr,<,0x7fd912400000
huge,heap,1122663,addr,>,0x7fd998c00000,addr,<,0x7fda1f400000
huge,mmap,1122663,addr,>,0x7fd998c00000,addr,<,0x7fda1f400000
huge,heap,951151,addr,>,0x7fdc39400000,addr,<,0x7fdcbfc00000
huge,mmap,951151,addr,>,0x7fdc39400000,addr,<,0x7fdcbfc00000
huge,heap,47030,addr,>,0x7fdcbfc00000,addr,<,0x7fdd46400000
huge,mmap,47030,addr,>,0x7fdcbfc00000,addr,<,0x7fdd46400000
huge,heap,245760,addr,>,0x7fddccc00000,addr,<,0x7fde53400000
huge,mmap,245760,addr,>,0x7fddccc00000,addr,<,0x7fde53400000
huge,heap,1016867,addr,>,0x7fe17a400000,addr,<,0x7fe200c00000
huge,mmap,1016867,addr,>,0x7fe17a400000,addr,<,0x7fe200c00000
huge,heap,468742,addr,>,0x7fe394400000,addr,<,0x7fe41ac00000
huge,mmap,468742,addr,>,0x7fe394400000,addr,<,0x7fe41ac00000
huge,heap,1602725,addr,>,0x7fe5ae400000,addr,<,0x7fe634c00000
huge,mmap,1602725,addr,>,0x7fe5ae400000,addr,<,0x7fe634c00000
huge,heap,1268943,addr,>,0x7fe7c8400000,addr,<,0x7fe84ec00000
huge,mmap,1268943,addr,>,0x7fe7c8400000,addr,<,0x7fe84ec00000
huge,heap,1744827,addr,>,0x7fe84ec00000,addr,<,0x7fe8d5400000
huge,mmap,1744827,addr,>,0x7fe84ec00000,addr,<,0x7fe8d5400000
huge,heap,160557,addr,>,0x7fea68c00000,addr,<,0x7feaef400000
huge,mmap,160557,addr,>,0x7fea68c00000,addr,<,0x7feaef400000
huge,heap,1075167,addr,>,0x7ff030400000,addr,<,0x7ff0b6c00000
huge,mmap,1075167,addr,>,0x7ff030400000,addr,<,0x7ff0b6c00000
huge,heap,2152364,addr,>,0x7ff0b6c00000,addr,<,0x7ff13d400000
huge,mmap,2152364,addr,>,0x7ff0b6c00000,addr,<,0x7ff13d400000
huge,heap,1607923,addr,>,0x7ff13d400000,addr,<,0x7ff1c3c00000
huge,mmap,1607923,addr,>,0x7ff13d400000,addr,<,0x7ff1c3c00000
huge,heap,503572,addr,>,0x7ff24a400000,addr,<,0x7ff2d0c00000
huge,mmap,503572,addr,>,0x7ff24a400000,addr,<,0x7ff2d0c00000
huge,heap,1715495,addr,>,0x7ff2d0c00000,addr,<,0x7ff357400000
huge,mmap,1715495,addr,>,0x7ff2d0c00000,addr,<,0x7ff357400000
huge,heap,1550045,addr,>,0x7ff4eac00000,addr,<,0x7ff571400000
huge,mmap,1550045,addr,>,0x7ff4eac00000,addr,<,0x7ff571400000
huge,heap,1311889877,addr,>,0x7ffbbf400000,addr,<,0x7ffc45c00000
huge,mmap,1311889877,addr,>,0x7ffbbf400000,addr,<,0x7ffc45c00000
huge,heap,1274129,addr,>,0x7ffee6400000,addr,<,0x7fff6cc00000
huge,mmap,1274129,addr,>,0x7ffee6400000,addr,<,0x7fff6cc00000
huge,heap,3053488,addr,>,0x7ffff3400000,addr,<,0x800079c00000
huge,mmap,3053488,addr,>,0x7ffff3400000,addr,<,0x800079c00000
eager,heap,1,addr,>,0x400000,addr,<,0x42f000
eager,mmap,1,addr,>,0x400000,addr,<,0x42f000
eager,heap,1,addr,>,0x634000,addr,<,0x637000
eager,mmap,1,addr,>,0x634000,addr,<,0x637000
eager,heap,1,addr,>,0x63b000,addr,<,0x83b000
eager,mmap,1,addr,>,0x63b000,addr,<,0x83b000
eager,heap,1,addr,>,0x7fcbefc00000,addr,<,0x7fcbf05ff000
eager,mmap,1,addr,>,0x7fcbefc00000,addr,<,0x7fcbf05ff000
eager,heap,1,addr,>,0x7fcbf0e00000,addr,<,0x7fcbf31ff000
eager,mmap,1,addr,>,0x7fcbf0e00000,addr,<,0x7fcbf31ff000
eager,heap,1,addr,>,0x7fcbf337d000,addr,<,0x7fcbf3422000
eager,mmap,1,addr,>,0x7fcbf337d000,addr,<,0x7fcbf3422000
eager,heap,1,addr,>,0x7fcbf3dfa000,addr,<,0x7fcbf3dfd000
eager,mmap,1,addr,>,0x7fcbf3dfa000,addr,<,0x7fcbf3dfd000
eager,heap,1,addr,>,0x7fcbf45fb000,addr,<,0x7fcbf45fe000
eager,mmap,1,addr,>,0x7fcbf45fb000,addr,<,0x7fcbf45fe000
eager,heap,1,addr,>,0x7fcbf4c00000,addr,<,0x7fcbf53ff000
eager,mmap,1,addr,>,0x7fcbf4c00000,addr,<,0x7fcbf53ff000
eager,heap,1,addr,>,0x7fcbf5600000,addr,<,0x7fdeb55ff000
eager,mmap,1,addr,>,0x7fcbf5600000,addr,<,0x7fdeb55ff000
eager,heap,1,addr,>,0x7fe7f5600000,addr,<,0x7fe7f59ff000
eager,mmap,1,addr,>,0x7fe7f5600000,addr,<,0x7fe7f59ff000
eager,heap,1,addr,>,0x7fe7f5c00000,addr,<,0x7ffab5dff000
eager,mmap,1,addr,>,0x7fe7f5c00000,addr,<,0x7ffab5dff000
eager,heap,1,addr,>,0x7ffbf5c00000,addr,<,0x7ffc75dff000
eager,mmap,1,addr,>,0x7ffbf5c00000,addr,<,0x7ffc75dff000
eager,heap,1,addr,>,0x7ffff5c00000,addr,<,0x7ffff5fff000
eager,mmap,1,addr,>,0x7ffff5c00000,addr,<,0x7ffff5fff000
eager,heap,1,addr,>,0x7ffff6200000,addr,<,0x7ffff65ff000
eager,mmap,1,addr,>,0x7ffff6200000,addr,<,0x7ffff65ff000
eager,heap,1,addr,>,0x7ffff670c000,addr,<,0x7ffff670f000
eager,mmap,1,addr,>,0x7ffff670c000,addr,<,0x7ffff670f000
eager,heap,1,addr,>,0x7ffff6711000,addr,<,0x7ffff671b000
eager,mmap,1,addr,>,0x7ffff6711000,addr,<,0x7ffff671b000
eager,heap,1,addr,>,0x7ffff6920000,addr,<,0x7ffff6923000
eager,mmap,1,addr,>,0x7ffff6920000,addr,<,0x7ffff6923000
eager,heap,1,addr,>,0x7ffff6b24000,addr,<,0x7ffff6b8f000
eager,mmap,1,addr,>,0x7ffff6b24000,addr,<,0x7ffff6b8f000
eager,heap,1,addr,>,0x7ffff6bd0000,addr,<,0x7ffff6be1000
eager,mmap,1,addr,>,0x7ffff6bd0000,addr,<,0x7ffff6be1000
eager,heap,1,addr,>,0x7ffff6be3000,addr,<,0x7ffff6bef000
eager,mmap,1,addr,>,0x7ffff6be3000,addr,<,0x7ffff6bef000
eager,heap,1,addr,>,0x7ffff6e0f000,addr,<,0x7ffff6e18000
eager,mmap,1,addr,>,0x7ffff6e0f000,addr,<,0x7ffff6e18000
eager,heap,1,addr,>,0x7ffff6e2a000,addr,<,0x7ffff702a000
eager,mmap,1,addr,>,0x7ffff6e2a000,addr,<,0x7ffff702a000
eager,heap,1,addr,>,0x7ffff6e2c000,addr,<,0x7ffff6e45000
eager,mmap,1,addr,>,0x7ffff6e2c000,addr,<,0x7ffff6e45000
eager,heap,1,addr,>,0x7ffff6e47000,addr,<,0x7ffff6e4d000
eager,mmap,1,addr,>,0x7ffff6e47000,addr,<,0x7ffff6e4d000
eager,heap,1,addr,>,0x7ffff6e4f000,addr,<,0x7ffff6e5f000
eager,mmap,1,addr,>,0x7ffff6e4f000,addr,<,0x7ffff6e5f000
eager,heap,1,addr,>,0x7ffff712e000,addr,<,0x7ffff71ff000
eager,mmap,1,addr,>,0x7ffff712e000,addr,<,0x7ffff71ff000
eager,heap,1,addr,>,0x7ffff7210000,addr,<,0x7ffff724f000
eager,mmap,1,addr,>,0x7ffff7210000,addr,<,0x7ffff724f000
eager,heap,1,addr,>,0x7ffff7260000,addr,<,0x7ffff7291000
eager,mmap,1,addr,>,0x7ffff7260000,addr,<,0x7ffff7291000
eager,heap,1,addr,>,0x7ffff7293000,addr,<,0x7ffff72bf000
eager,mmap,1,addr,>,0x7ffff7293000,addr,<,0x7ffff72bf000
eager,heap,1,addr,>,0x7ffff74f3000,addr,<,0x7ffff74fa000
eager,mmap,1,addr,>,0x7ffff74f3000,addr,<,0x7ffff74fa000
eager,heap,1,addr,>,0x7ffff74fc000,addr,<,0x7ffff76fc000
eager,mmap,1,addr,>,0x7ffff74fc000,addr,<,0x7ffff76fc000
eager,heap,1,addr,>,0x7ffff74fe000,addr,<,0x7ffff750f000
eager,mmap,1,addr,>,0x7ffff74fe000,addr,<,0x7ffff750f000
eager,heap,1,addr,>,0x7ffff7714000,addr,<,0x7ffff7715000
eager,mmap,1,addr,>,0x7ffff7714000,addr,<,0x7ffff7715000
eager,heap,1,addr,>,0x7ffff7719000,addr,<,0x7ffff7729000
eager,mmap,1,addr,>,0x7ffff7719000,addr,<,0x7ffff7729000
eager,heap,1,addr,>,0x7ffff7730000,addr,<,0x7ffff773e000
eager,mmap,1,addr,>,0x7ffff7730000,addr,<,0x7ffff773e000
eager,heap,1,addr,>,0x7ffff793e000,addr,<,0x7ffff795f000
eager,mmap,1,addr,>,0x7ffff793e000,addr,<,0x7ffff795f000
eager,heap,1,addr,>,0x7ffff7980000,addr,<,0x7ffff799b000
eager,mmap,1,addr,>,0x7ffff7980000,addr,<,0x7ffff799b000
eager,heap,1,addr,>,0x7ffff799d000,addr,<,0x7ffff79bf000
eager,mmap,1,addr,>,0x7ffff799d000,addr,<,0x7ffff79bf000
eager,heap,1,addr,>,0x7ffff7bc3000,addr,<,0x7ffff7bc8000
eager,mmap,1,addr,>,0x7ffff7bc3000,addr,<,0x7ffff7bc8000
eager,heap,1,addr,>,0x7ffff7bd0000,addr,<,0x7ffff7bd8000
eager,mmap,1,addr,>,0x7ffff7bd0000,addr,<,0x7ffff7bd8000
eager,heap,1,addr,>,0x7ffff7cd7000,addr,<,0x7ffff7cd8000
eager,mmap,1,addr,>,0x7ffff7cd7000,addr,<,0x7ffff7cd8000
eager,heap,1,addr,>,0x7ffff7dd8000,addr,<,0x7ffff7dfc000
eager,mmap,1,addr,>,0x7ffff7dd8000,addr,<,0x7ffff7dfc000
eager,heap,1,addr,>,0x7ffff7fdd000,addr,<,0x7ffff7fe5000
eager,mmap,1,addr,>,0x7ffff7fdd000,addr,<,0x7ffff7fe5000
eager,heap,1,addr,>,0x7ffff7ff6000,addr,<,0x7ffff7ff7000
eager,mmap,1,addr,>,0x7ffff7ff6000,addr,<,0x7ffff7ff7000
eager,heap,1,addr,>,0x7ffff7ffb000,addr,<,0x7ffff7ffe000
eager,mmap,1,addr,>,0x7ffff7ffb000,addr,<,0x7ffff7ffe000
eager,heap,1,addr,>,0x7fffffff9000,addr,<,0x7fffffffe000
eager,mmap,1,addr,>,0x7fffffff9000,addr,<,0x7fffffffe000
